annotator,source_file,row_num,card_id,source_card_id,prm,benchmark,problem_id,assignment,preference_raw,preference_norm,deblind_label,notes
1,annotation_sheet_returned_0.xlsx,1,6eac1b1d601d,gsm8k_skywork_prm_084,skywork_prm,gsm8k,gsm8k_263,"product->A,gm->B",B,B,gm,
1,annotation_sheet_returned_0.xlsx,2,6e021733e720,math500_skywork_prm_023,skywork_prm,math500,math500_299,"product->A,gm->B",B,B,gm,
1,annotation_sheet_returned_0.xlsx,3,fe8f9a56274b,math500_skywork_prm_042,skywork_prm,math500,math500_141,"product->A,gm->B",No preference,No preference,no_preference,
1,annotation_sheet_returned_0.xlsx,4,455df6aa2fcd,math500_skywork_prm_018,skywork_prm,math500,math500_283,"product->A,gm->B",No preference,No preference,no_preference,
1,annotation_sheet_returned_0.xlsx,5,18fd6f6487b9,gsm8k_skywork_prm_077,skywork_prm,gsm8k,gsm8k_247,"product->A,gm->B",No preference,No preference,no_preference,
1,annotation_sheet_returned_0.xlsx,6,c44b89827ed6,gsm8k_internlm2_7b_reward_077,internlm2_7b_reward,gsm8k,gsm8k_366,"product->A,gm->B",No preference,No preference,no_preference,
1,annotation_sheet_returned_0.xlsx,7,c28fe081cd0a,gsm8k_skywork_prm_011,skywork_prm,gsm8k,gsm8k_152,"gm->A,product->B",A,A,gm,
1,annotation_sheet_returned_0.xlsx,8,3cadef3ee492,math500_skywork_prm_028,skywork_prm,math500,math500_275,"gm->A,product->B",A,A,gm,
1,annotation_sheet_returned_0.xlsx,9,dc81af2746e2,math500_internlm2_7b_reward_094,internlm2_7b_reward,math500,math500_395,"product->A,gm->B",No preference,No preference,no_preference,
1,annotation_sheet_returned_0.xlsx,10,25be542327ca,math500_skywork_prm_026,skywork_prm,math500,math500_370,"product->A,gm->B",B,B,gm,
1,annotation_sheet_returned_0.xlsx,11,cb67057171c0,math500_skywork_prm_047,skywork_prm,math500,math500_334,"product->A,gm->B",No preference,No preference,no_preference,
1,annotation_sheet_returned_0.xlsx,12,981c01eaf0dc,gsm8k_internlm2_7b_reward_075,internlm2_7b_reward,gsm8k,gsm8k_064,"gm->A,product->B",No preference,No preference,no_preference,
1,annotation_sheet_returned_0.xlsx,13,4e2d389c9954,math500_internlm2_7b_reward_047,internlm2_7b_reward,math500,math500_221,"product->A,gm->B",B,B,gm,
1,annotation_sheet_returned_0.xlsx,14,7788f79d6d9b,gsm8k_skywork_prm_032,skywork_prm,gsm8k,gsm8k_362,"gm->A,product->B",A,A,gm,
1,annotation_sheet_returned_0.xlsx,15,40d8271a20ad,gsm8k_skywork_prm_044,skywork_prm,gsm8k,gsm8k_029,"product->A,gm->B",B,B,gm,
1,annotation_sheet_returned_0.xlsx,16,587cc87ead09,gsm8k_internlm2_7b_reward_089,internlm2_7b_reward,gsm8k,gsm8k_420,"gm->A,product->B",A,A,gm,
1,annotation_sheet_returned_0.xlsx,17,ce65c6a9c923,gsm8k_internlm2_7b_reward_031,internlm2_7b_reward,gsm8k,gsm8k_421,"product->A,gm->B",B,B,gm,
1,annotation_sheet_returned_0.xlsx,18,82ae2111f96f,math500_internlm2_7b_reward_057,internlm2_7b_reward,math500,math500_346,"product->A,gm->B",B,B,gm,
1,annotation_sheet_returned_0.xlsx,19,2b480f890201,gsm8k_skywork_prm_096,skywork_prm,gsm8k,gsm8k_128,"gm->A,product->B",A,A,gm,
1,annotation_sheet_returned_0.xlsx,20,c6dcda8ecc42,math500_skywork_prm_062,skywork_prm,math500,math500_093,"gm->A,product->B",A,A,gm,
1,annotation_sheet_returned_0.xlsx,21,aa95d0af4d32,gsm8k_internlm2_7b_reward_063,internlm2_7b_reward,gsm8k,gsm8k_029,"product->A,gm->B",B,B,gm,
1,annotation_sheet_returned_0.xlsx,22,c5e62e62b3f1,math500_internlm2_7b_reward_037,internlm2_7b_reward,math500,math500_208,"gm->A,product->B",No preference,No preference,no_preference,
1,annotation_sheet_returned_0.xlsx,23,59526b0df869,gsm8k_internlm2_7b_reward_054,internlm2_7b_reward,gsm8k,gsm8k_100,"gm->A,product->B",A,A,gm,
1,annotation_sheet_returned_0.xlsx,24,59d1a320db62,math500_skywork_prm_043,skywork_prm,math500,math500_434,"gm->A,product->B",A,A,gm,
1,annotation_sheet_returned_0.xlsx,25,a55e59e0aab3,math500_skywork_prm_065,skywork_prm,math500,math500_215,"product->A,gm->B",No preference,No preference,no_preference,
1,annotation_sheet_returned_0.xlsx,26,727b90783681,gsm8k_internlm2_7b_reward_017,internlm2_7b_reward,gsm8k,gsm8k_354,"gm->A,product->B",A,A,gm,
1,annotation_sheet_returned_0.xlsx,27,68b1141fe483,gsm8k_internlm2_7b_reward_061,internlm2_7b_reward,gsm8k,gsm8k_107,"product->A,gm->B",B,B,gm,
1,annotation_sheet_returned_0.xlsx,28,30967a05e57f,math500_internlm2_7b_reward_069,internlm2_7b_reward,math500,math500_366,"gm->A,product->B",A,A,gm,
1,annotation_sheet_returned_0.xlsx,29,ae3b9a57ba9e,math500_skywork_prm_063,skywork_prm,math500,math500_301,"gm->A,product->B",No preference,No preference,no_preference,
1,annotation_sheet_returned_0.xlsx,30,4d8f71196b4d,math500_internlm2_7b_reward_053,internlm2_7b_reward,math500,math500_334,"gm->A,product->B",No preference,No preference,no_preference,
1,annotation_sheet_returned_0.xlsx,31,6507c25a99bc,gsm8k_internlm2_7b_reward_064,internlm2_7b_reward,gsm8k,gsm8k_489,"gm->A,product->B",No preference,No preference,no_preference,
1,annotation_sheet_returned_0.xlsx,32,02c10db40f20,math500_skywork_prm_010,skywork_prm,math500,math500_118,"gm->A,product->B",A,A,gm,
1,annotation_sheet_returned_0.xlsx,33,cc5726e0fe8c,gsm8k_skywork_prm_065,skywork_prm,gsm8k,gsm8k_385,"gm->A,product->B",No preference,No preference,no_preference,
1,annotation_sheet_returned_0.xlsx,34,5fa099c70d62,gsm8k_internlm2_7b_reward_056,internlm2_7b_reward,gsm8k,gsm8k_031,"product->A,gm->B",B,B,gm,
1,annotation_sheet_returned_0.xlsx,35,e92541a9b790,math500_internlm2_7b_reward_079,internlm2_7b_reward,math500,math500_397,"product->A,gm->B",B,B,gm,
1,annotation_sheet_returned_0.xlsx,36,0a4b06c33d43,math500_internlm2_7b_reward_064,internlm2_7b_reward,math500,math500_234,"gm->A,product->B",No preference,No preference,no_preference,
1,annotation_sheet_returned_0.xlsx,37,195c8404266f,math500_internlm2_7b_reward_023,internlm2_7b_reward,math500,math500_243,"gm->A,product->B",A,A,gm,
1,annotation_sheet_returned_0.xlsx,38,08ebc5bec50d,math500_skywork_prm_067,skywork_prm,math500,math500_368,"product->A,gm->B",No preference,No preference,no_preference,
1,annotation_sheet_returned_0.xlsx,39,da0dd69948c7,math500_internlm2_7b_reward_086,internlm2_7b_reward,math500,math500_121,"product->A,gm->B",No preference,No preference,no_preference,
1,annotation_sheet_returned_0.xlsx,40,8b3488e3cf4b,gsm8k_skywork_prm_085,skywork_prm,gsm8k,gsm8k_233,"product->A,gm->B",B,B,gm,
1,annotation_sheet_returned_0.xlsx,41,23131037bb61,gsm8k_internlm2_7b_reward_039,internlm2_7b_reward,gsm8k,gsm8k_250,"product->A,gm->B",No preference,No preference,no_preference,
1,annotation_sheet_returned_0.xlsx,42,c8a3c0be29bf,gsm8k_internlm2_7b_reward_035,internlm2_7b_reward,gsm8k,gsm8k_264,"gm->A,product->B",A,A,gm,
1,annotation_sheet_returned_0.xlsx,43,bc11fae4e2ba,gsm8k_internlm2_7b_reward_076,internlm2_7b_reward,gsm8k,gsm8k_456,"gm->A,product->B",A,A,gm,
1,annotation_sheet_returned_0.xlsx,44,7d90908845c4,math500_skywork_prm_064,skywork_prm,math500,math500_026,"product->A,gm->B",No preference,No preference,no_preference,
1,annotation_sheet_returned_0.xlsx,45,5814f6a2aed3,math500_skywork_prm_045,skywork_prm,math500,math500_086,"product->A,gm->B",No preference,No preference,no_preference,
1,annotation_sheet_returned_0.xlsx,46,60d788ee8795,gsm8k_skywork_prm_061,skywork_prm,gsm8k,gsm8k_458,"product->A,gm->B",No preference,No preference,no_preference,
1,annotation_sheet_returned_0.xlsx,47,801c892459d7,math500_skywork_prm_002,skywork_prm,math500,math500_254,"product->A,gm->B",B,B,gm,
1,annotation_sheet_returned_0.xlsx,48,aa512e72df41,gsm8k_skywork_prm_054,skywork_prm,gsm8k,gsm8k_393,"product->A,gm->B",B,B,gm,
1,annotation_sheet_returned_0.xlsx,49,b55a5038f75a,gsm8k_skywork_prm_045,skywork_prm,gsm8k,gsm8k_493,"gm->A,product->B",A,A,gm,
1,annotation_sheet_returned_0.xlsx,50,298ea2e546a1,gsm8k_skywork_prm_021,skywork_prm,gsm8k,gsm8k_388,"gm->A,product->B",A,A,gm,
1,annotation_sheet_returned_0.xlsx,51,338f7581c177,math500_skywork_prm_022,skywork_prm,math500,math500_310,"product->A,gm->B",B,B,gm,
1,annotation_sheet_returned_0.xlsx,52,eef98f801fff,gsm8k_internlm2_7b_reward_005,internlm2_7b_reward,gsm8k,gsm8k_024,"gm->A,product->B",A,A,gm,
1,annotation_sheet_returned_0.xlsx,53,9fdeb3f7d85b,math500_skywork_prm_068,skywork_prm,math500,math500_415,"gm->A,product->B",A,A,gm,
1,annotation_sheet_returned_0.xlsx,54,0d1396a99aa8,gsm8k_skywork_prm_042,skywork_prm,gsm8k,gsm8k_027,"gm->A,product->B",No preference,No preference,no_preference,
1,annotation_sheet_returned_0.xlsx,55,65ec0bce0d20,gsm8k_skywork_prm_034,skywork_prm,gsm8k,gsm8k_280,"gm->A,product->B",A,A,gm,
1,annotation_sheet_returned_0.xlsx,56,0235b7e55b04,gsm8k_internlm2_7b_reward_047,internlm2_7b_reward,gsm8k,gsm8k_046,"gm->A,product->B",A,A,gm,
1,annotation_sheet_returned_0.xlsx,57,ab0aa14b0439,math500_skywork_prm_031,skywork_prm,math500,math500_046,"gm->A,product->B",No preference,No preference,no_preference,
1,annotation_sheet_returned_0.xlsx,58,990ec7fadf1d,gsm8k_internlm2_7b_reward_007,internlm2_7b_reward,gsm8k,gsm8k_013,"product->A,gm->B",B,B,gm,
1,annotation_sheet_returned_0.xlsx,59,5e31b512047a,gsm8k_internlm2_7b_reward_034,internlm2_7b_reward,gsm8k,gsm8k_318,"product->A,gm->B",B,B,gm,
1,annotation_sheet_returned_0.xlsx,60,ffd4bad29048,math500_internlm2_7b_reward_081,internlm2_7b_reward,math500,math500_449,"gm->A,product->B",No preference,No preference,no_preference,
1,annotation_sheet_returned_0.xlsx,61,f550223045e2,math500_internlm2_7b_reward_075,internlm2_7b_reward,math500,math500_087,"product->A,gm->B",B,B,gm,
1,annotation_sheet_returned_0.xlsx,62,e4e81431fcd3,math500_skywork_prm_046,skywork_prm,math500,math500_259,"gm->A,product->B",No preference,No preference,no_preference,
1,annotation_sheet_returned_0.xlsx,63,0dc468dbb6aa,gsm8k_internlm2_7b_reward_043,internlm2_7b_reward,gsm8k,gsm8k_422,"product->A,gm->B",B,B,gm,
1,annotation_sheet_returned_0.xlsx,64,51fafe0c35b0,math500_internlm2_7b_reward_041,internlm2_7b_reward,math500,math500_471,"product->A,gm->B",B,B,gm,
1,annotation_sheet_returned_0.xlsx,65,3fd67f264930,gsm8k_skywork_prm_013,skywork_prm,gsm8k,gsm8k_046,"product->A,gm->B",No preference,No preference,no_preference,
1,annotation_sheet_returned_0.xlsx,66,40d49b8991f2,gsm8k_internlm2_7b_reward_093,internlm2_7b_reward,gsm8k,gsm8k_219,"gm->A,product->B",A,A,gm,
1,annotation_sheet_returned_0.xlsx,67,fa746c447420,math500_skywork_prm_060,skywork_prm,math500,math500_105,"gm->A,product->B",No preference,No preference,no_preference,
1,annotation_sheet_returned_0.xlsx,68,d97571a24bbb,math500_internlm2_7b_reward_013,internlm2_7b_reward,math500,math500_055,"product->A,gm->B",No preference,No preference,no_preference,
1,annotation_sheet_returned_0.xlsx,69,932dedf9ebb8,math500_skywork_prm_050,skywork_prm,math500,math500_234,"gm->A,product->B",No preference,No preference,no_preference,
1,annotation_sheet_returned_0.xlsx,70,477d4668937a,math500_internlm2_7b_reward_039,internlm2_7b_reward,math500,math500_223,"product->A,gm->B",B,B,gm,
1,annotation_sheet_returned_0.xlsx,71,99614891475b,gsm8k_internlm2_7b_reward_058,internlm2_7b_reward,gsm8k,gsm8k_086,"gm->A,product->B",A,A,gm,
1,annotation_sheet_returned_0.xlsx,72,a78bc1193253,gsm8k_internlm2_7b_reward_020,internlm2_7b_reward,gsm8k,gsm8k_121,"gm->A,product->B",A,A,gm,
1,annotation_sheet_returned_0.xlsx,73,1629ea4fd800,math500_internlm2_7b_reward_060,internlm2_7b_reward,math500,math500_448,"product->A,gm->B",B,B,gm,
1,annotation_sheet_returned_0.xlsx,74,e4542cf5c9cc,gsm8k_skywork_prm_086,skywork_prm,gsm8k,gsm8k_170,"product->A,gm->B",B,B,gm,
1,annotation_sheet_returned_0.xlsx,75,2c4a69a71dd4,gsm8k_skywork_prm_009,skywork_prm,gsm8k,gsm8k_397,"gm->A,product->B",No preference,No preference,no_preference,
1,annotation_sheet_returned_0.xlsx,76,9f6e61392251,math500_internlm2_7b_reward_095,internlm2_7b_reward,math500,math500_309,"gm->A,product->B",No preference,No preference,no_preference,
1,annotation_sheet_returned_0.xlsx,77,4e49c019b9ec,gsm8k_skywork_prm_056,skywork_prm,gsm8k,gsm8k_022,"gm->A,product->B",A,A,gm,
1,annotation_sheet_returned_0.xlsx,78,d4c8945551d9,gsm8k_internlm2_7b_reward_014,internlm2_7b_reward,gsm8k,gsm8k_389,"gm->A,product->B",No preference,No preference,no_preference,
1,annotation_sheet_returned_0.xlsx,79,c71cfd5554ab,math500_internlm2_7b_reward_006,internlm2_7b_reward,math500,math500_038,"gm->A,product->B",A,A,gm,
1,annotation_sheet_returned_0.xlsx,80,acf66429f6bc,math500_internlm2_7b_reward_028,internlm2_7b_reward,math500,math500_336,"gm->A,product->B",A,A,gm,
1,annotation_sheet_returned_0.xlsx,81,d01eca5053df,math500_internlm2_7b_reward_078,internlm2_7b_reward,math500,math500_226,"product->A,gm->B",No preference,No preference,no_preference,
1,annotation_sheet_returned_0.xlsx,82,3b20eced41e1,gsm8k_internlm2_7b_reward_002,internlm2_7b_reward,gsm8k,gsm8k_348,"gm->A,product->B",A,A,gm,
1,annotation_sheet_returned_0.xlsx,83,ccb3ac97a880,gsm8k_skywork_prm_008,skywork_prm,gsm8k,gsm8k_198,"product->A,gm->B",B,B,gm,
1,annotation_sheet_returned_0.xlsx,84,1cf349eae04e,gsm8k_internlm2_7b_reward_006,internlm2_7b_reward,gsm8k,gsm8k_431,"product->A,gm->B",B,B,gm,
1,annotation_sheet_returned_0.xlsx,85,c099765b56a2,math500_internlm2_7b_reward_032,internlm2_7b_reward,math500,math500_056,"product->A,gm->B",No preference,No preference,no_preference,
1,annotation_sheet_returned_0.xlsx,86,6891337dc624,math500_internlm2_7b_reward_025,internlm2_7b_reward,math500,math500_335,"gm->A,product->B",A,A,gm,
1,annotation_sheet_returned_0.xlsx,87,64cdff8dd526,gsm8k_skywork_prm_081,skywork_prm,gsm8k,gsm8k_365,"gm->A,product->B",A,A,gm,
1,annotation_sheet_returned_0.xlsx,88,a055f8dc31ca,math500_internlm2_7b_reward_012,internlm2_7b_reward,math500,math500_059,"product->A,gm->B",No preference,No preference,no_preference,
1,annotation_sheet_returned_0.xlsx,89,6f5648236980,gsm8k_skywork_prm_073,skywork_prm,gsm8k,gsm8k_278,"gm->A,product->B",No preference,No preference,no_preference,
1,annotation_sheet_returned_0.xlsx,90,204013c12887,math500_skywork_prm_058,skywork_prm,math500,math500_455,"product->A,gm->B",No preference,No preference,no_preference,
1,annotation_sheet_returned_0.xlsx,91,a76ceb28dc4e,gsm8k_internlm2_7b_reward_019,internlm2_7b_reward,gsm8k,gsm8k_025,"product->A,gm->B",B,B,gm,
1,annotation_sheet_returned_0.xlsx,92,853a65dd7f88,gsm8k_internlm2_7b_reward_082,internlm2_7b_reward,gsm8k,gsm8k_474,"product->A,gm->B",B,B,gm,
1,annotation_sheet_returned_0.xlsx,93,dde4c87fc50a,math500_internlm2_7b_reward_026,internlm2_7b_reward,math500,math500_034,"gm->A,product->B",A,A,gm,
1,annotation_sheet_returned_0.xlsx,94,079e63f9072c,gsm8k_internlm2_7b_reward_046,internlm2_7b_reward,gsm8k,gsm8k_404,"product->A,gm->B",B,B,gm,
1,annotation_sheet_returned_0.xlsx,95,5cec2acb1f36,gsm8k_internlm2_7b_reward_004,internlm2_7b_reward,gsm8k,gsm8k_118,"gm->A,product->B",A,A,gm,
1,annotation_sheet_returned_0.xlsx,96,42de4ca83a1f,gsm8k_internlm2_7b_reward_052,internlm2_7b_reward,gsm8k,gsm8k_097,"gm->A,product->B",No preference,No preference,no_preference,
1,annotation_sheet_returned_0.xlsx,97,fd20ea573003,gsm8k_skywork_prm_069,skywork_prm,gsm8k,gsm8k_475,"gm->A,product->B",No preference,No preference,no_preference,
1,annotation_sheet_returned_0.xlsx,98,de8bb5c383ad,math500_skywork_prm_054,skywork_prm,math500,math500_363,"gm->A,product->B",No preference,No preference,no_preference,
1,annotation_sheet_returned_0.xlsx,99,eb2829a3e225,math500_skywork_prm_001,skywork_prm,math500,math500_304,"gm->A,product->B",No preference,No preference,no_preference,
1,annotation_sheet_returned_0.xlsx,100,145100c57385,math500_skywork_prm_052,skywork_prm,math500,math500_226,"product->A,gm->B",No preference,No preference,no_preference,
1,annotation_sheet_returned_0.xlsx,101,0e2966a96f8f,math500_skywork_prm_070,skywork_prm,math500,math500_379,"gm->A,product->B",No preference,No preference,no_preference,
1,annotation_sheet_returned_0.xlsx,102,831ca0d3e405,gsm8k_internlm2_7b_reward_040,internlm2_7b_reward,gsm8k,gsm8k_116,"product->A,gm->B",B,B,gm,
1,annotation_sheet_returned_0.xlsx,103,2d4a6b05e613,gsm8k_internlm2_7b_reward_055,internlm2_7b_reward,gsm8k,gsm8k_271,"product->A,gm->B",B,B,gm,
1,annotation_sheet_returned_0.xlsx,104,459b41804365,math500_internlm2_7b_reward_088,internlm2_7b_reward,math500,math500_013,"gm->A,product->B",No preference,No preference,no_preference,
1,annotation_sheet_returned_0.xlsx,105,f3e947063a1d,math500_skywork_prm_038,skywork_prm,math500,math500_016,"gm->A,product->B",No preference,No preference,no_preference,
1,annotation_sheet_returned_0.xlsx,106,d404cd86343f,gsm8k_skywork_prm_100,skywork_prm,gsm8k,gsm8k_467,"gm->A,product->B",A,A,gm,
1,annotation_sheet_returned_0.xlsx,107,14db67a05b01,gsm8k_skywork_prm_038,skywork_prm,gsm8k,gsm8k_382,"product->A,gm->B",B,B,gm,
1,annotation_sheet_returned_0.xlsx,108,25364fa9fb91,math500_internlm2_7b_reward_024,internlm2_7b_reward,math500,math500_237,"gm->A,product->B",A,A,gm,
1,annotation_sheet_returned_0.xlsx,109,39283cbc4b2b,math500_skywork_prm_015,skywork_prm,math500,math500_024,"gm->A,product->B",A,A,gm,
1,annotation_sheet_returned_0.xlsx,110,1e0765a6c0df,math500_skywork_prm_004,skywork_prm,math500,math500_262,"gm->A,product->B",A,A,gm,
1,annotation_sheet_returned_0.xlsx,111,18f14679ea50,gsm8k_skywork_prm_035,skywork_prm,gsm8k,gsm8k_473,"gm->A,product->B",A,A,gm,
1,annotation_sheet_returned_0.xlsx,112,253a23c9c2bb,math500_skywork_prm_048,skywork_prm,math500,math500_399,"product->A,gm->B",B,B,gm,
1,annotation_sheet_returned_0.xlsx,113,7ab4391a06ad,math500_skywork_prm_017,skywork_prm,math500,math500_405,"gm->A,product->B",A,A,gm,
1,annotation_sheet_returned_0.xlsx,114,27af93a341ef,math500_skywork_prm_066,skywork_prm,math500,math500_121,"product->A,gm->B",No preference,No preference,no_preference,
1,annotation_sheet_returned_0.xlsx,115,7c8075a57a50,math500_skywork_prm_020,skywork_prm,math500,math500_358,"gm->A,product->B",A,A,gm,
1,annotation_sheet_returned_0.xlsx,116,1af976087535,gsm8k_internlm2_7b_reward_091,internlm2_7b_reward,gsm8k,gsm8k_477,"gm->A,product->B",No preference,No preference,no_preference,
1,annotation_sheet_returned_0.xlsx,117,0cd074a1469f,gsm8k_skywork_prm_016,skywork_prm,gsm8k,gsm8k_459,"product->A,gm->B",B,B,gm,
1,annotation_sheet_returned_0.xlsx,118,2a824851dcf1,math500_skywork_prm_025,skywork_prm,math500,math500_280,"gm->A,product->B",A,A,gm,
1,annotation_sheet_returned_0.xlsx,119,3ee0887027e6,math500_internlm2_7b_reward_090,internlm2_7b_reward,math500,math500_207,"product->A,gm->B",No preference,No preference,no_preference,
1,annotation_sheet_returned_0.xlsx,120,09c62ddb64eb,gsm8k_internlm2_7b_reward_062,internlm2_7b_reward,gsm8k,gsm8k_334,"product->A,gm->B",No preference,No preference,no_preference,
1,annotation_sheet_returned_0.xlsx,121,b65a2542f27e,math500_skywork_prm_006,skywork_prm,math500,math500_475,"product->A,gm->B",A,A,product,
1,annotation_sheet_returned_0.xlsx,122,d177ef91678d,gsm8k_skywork_prm_036,skywork_prm,gsm8k,gsm8k_268,"gm->A,product->B",A,A,gm,
1,annotation_sheet_returned_0.xlsx,123,22832fa842d3,gsm8k_skywork_prm_025,skywork_prm,gsm8k,gsm8k_361,"gm->A,product->B",A,A,gm,
1,annotation_sheet_returned_0.xlsx,124,87377a38dbc2,math500_internlm2_7b_reward_020,internlm2_7b_reward,math500,math500_241,"product->A,gm->B",B,B,gm,
1,annotation_sheet_returned_0.xlsx,125,3a84d3790ef5,math500_internlm2_7b_reward_097,internlm2_7b_reward,math500,math500_151,"gm->A,product->B",A,A,gm,
1,annotation_sheet_returned_0.xlsx,126,aeb9ec0ad787,math500_internlm2_7b_reward_040,internlm2_7b_reward,math500,math500_317,"product->A,gm->B",B,B,gm,
1,annotation_sheet_returned_0.xlsx,127,ee0c7621ff10,gsm8k_internlm2_7b_reward_027,internlm2_7b_reward,gsm8k,gsm8k_213,"product->A,gm->B",B,B,gm,
1,annotation_sheet_returned_0.xlsx,128,3e94a82c1f3c,math500_internlm2_7b_reward_046,internlm2_7b_reward,math500,math500_027,"product->A,gm->B",B,B,gm,
1,annotation_sheet_returned_0.xlsx,129,c2d4706fab0f,gsm8k_skywork_prm_070,skywork_prm,gsm8k,gsm8k_172,"product->A,gm->B",B,B,gm,
1,annotation_sheet_returned_0.xlsx,130,6de0c2e14368,math500_skywork_prm_036,skywork_prm,math500,math500_107,"gm->A,product->B",No preference,No preference,no_preference,
1,annotation_sheet_returned_0.xlsx,131,2b21da93529f,gsm8k_skywork_prm_049,skywork_prm,gsm8k,gsm8k_425,"gm->A,product->B",No preference,No preference,no_preference,
1,annotation_sheet_returned_0.xlsx,132,2d3b58de0989,math500_skywork_prm_008,skywork_prm,math500,math500_404,"gm->A,product->B",No preference,No preference,no_preference,
1,annotation_sheet_returned_0.xlsx,133,56f9d0440194,gsm8k_internlm2_7b_reward_078,internlm2_7b_reward,gsm8k,gsm8k_313,"gm->A,product->B",A,A,gm,
1,annotation_sheet_returned_0.xlsx,134,3771b630c0f4,math500_skywork_prm_072,skywork_prm,math500,math500_005,"gm->A,product->B",No preference,No preference,no_preference,
1,annotation_sheet_returned_0.xlsx,135,dd5ff5cfe7fd,math500_internlm2_7b_reward_017,internlm2_7b_reward,math500,math500_142,"gm->A,product->B",A,A,gm,
1,annotation_sheet_returned_0.xlsx,136,16fff55a12e8,gsm8k_skywork_prm_094,skywork_prm,gsm8k,gsm8k_254,"product->A,gm->B",B,B,gm,
1,annotation_sheet_returned_0.xlsx,137,af509ace1dbc,math500_skywork_prm_012,skywork_prm,math500,math500_396,"gm->A,product->B",A,A,gm,
1,annotation_sheet_returned_0.xlsx,138,86e1923e66ab,gsm8k_internlm2_7b_reward_099,internlm2_7b_reward,gsm8k,gsm8k_350,"gm->A,product->B",A,A,gm,
1,annotation_sheet_returned_0.xlsx,139,03884f35ee30,gsm8k_internlm2_7b_reward_088,internlm2_7b_reward,gsm8k,gsm8k_112,"gm->A,product->B",No preference,No preference,no_preference,
1,annotation_sheet_returned_0.xlsx,140,c9b90e6459b9,math500_internlm2_7b_reward_045,internlm2_7b_reward,math500,math500_037,"gm->A,product->B",No preference,No preference,no_preference,
1,annotation_sheet_returned_0.xlsx,141,20da3912882e,gsm8k_skywork_prm_079,skywork_prm,gsm8k,gsm8k_204,"gm->A,product->B",No preference,No preference,no_preference,
1,annotation_sheet_returned_0.xlsx,142,878f1ca78fcc,math500_internlm2_7b_reward_061,internlm2_7b_reward,math500,math500_330,"gm->A,product->B",A,A,gm,
1,annotation_sheet_returned_0.xlsx,143,c050737d135b,math500_skywork_prm_039,skywork_prm,math500,math500_151,"gm->A,product->B",A,A,gm,
1,annotation_sheet_returned_0.xlsx,144,5fb8ba77941e,math500_skywork_prm_051,skywork_prm,math500,math500_243,"gm->A,product->B",No preference,No preference,no_preference,
1,annotation_sheet_returned_0.xlsx,145,d672e23e67fe,gsm8k_internlm2_7b_reward_026,internlm2_7b_reward,gsm8k,gsm8k_163,"gm->A,product->B",A,A,gm,
1,annotation_sheet_returned_0.xlsx,146,69f4162efe62,math500_internlm2_7b_reward_001,internlm2_7b_reward,math500,math500_046,"gm->A,product->B",No preference,No preference,no_preference,
1,annotation_sheet_returned_0.xlsx,147,92fc7e95eb5e,gsm8k_skywork_prm_041,skywork_prm,gsm8k,gsm8k_211,"gm->A,product->B",No preference,No preference,no_preference,
1,annotation_sheet_returned_0.xlsx,148,92493ba5e5de,math500_skywork_prm_009,skywork_prm,math500,math500_017,"product->A,gm->B",A,A,product,
1,annotation_sheet_returned_0.xlsx,149,f25badf92003,math500_skywork_prm_029,skywork_prm,math500,math500_142,"gm->A,product->B",A,A,gm,
1,annotation_sheet_returned_0.xlsx,150,435e932aef3c,gsm8k_internlm2_7b_reward_060,internlm2_7b_reward,gsm8k,gsm8k_424,"product->A,gm->B",B,B,gm,
1,annotation_sheet_returned_0.xlsx,151,44cff86c1fd5,math500_internlm2_7b_reward_002,internlm2_7b_reward,math500,math500_199,"product->A,gm->B",No preference,No preference,no_preference,
1,annotation_sheet_returned_0.xlsx,152,ea9e7e5f9ca5,gsm8k_skywork_prm_066,skywork_prm,gsm8k,gsm8k_219,"product->A,gm->B",No preference,No preference,no_preference,
1,annotation_sheet_returned_0.xlsx,153,25c211f41e97,math500_internlm2_7b_reward_091,internlm2_7b_reward,math500,math500_005,"product->A,gm->B",No preference,No preference,no_preference,
1,annotation_sheet_returned_0.xlsx,154,c565dbc8212d,gsm8k_skywork_prm_083,skywork_prm,gsm8k,gsm8k_193,"gm->A,product->B",A,A,gm,
1,annotation_sheet_returned_0.xlsx,155,f5aa9f1feeb7,gsm8k_internlm2_7b_reward_023,internlm2_7b_reward,gsm8k,gsm8k_165,"product->A,gm->B",A,A,product,
1,annotation_sheet_returned_0.xlsx,156,c9c0ae612b9f,math500_skywork_prm_024,skywork_prm,math500,math500_474,"gm->A,product->B",No preference,No preference,no_preference,
1,annotation_sheet_returned_0.xlsx,157,09430744a2de,gsm8k_skywork_prm_019,skywork_prm,gsm8k,gsm8k_111,"product->A,gm->B",B,B,gm,
1,annotation_sheet_returned_0.xlsx,158,a70ec4e683d8,gsm8k_skywork_prm_090,skywork_prm,gsm8k,gsm8k_013,"gm->A,product->B",No preference,No preference,no_preference,
1,annotation_sheet_returned_0.xlsx,159,90b78afe3377,math500_internlm2_7b_reward_077,internlm2_7b_reward,math500,math500_134,"product->A,gm->B",No preference,No preference,no_preference,
1,annotation_sheet_returned_0.xlsx,160,a0d102eae822,gsm8k_internlm2_7b_reward_087,internlm2_7b_reward,gsm8k,gsm8k_218,"gm->A,product->B",A,A,gm,
1,annotation_sheet_returned_0.xlsx,161,e802289004fb,gsm8k_internlm2_7b_reward_048,internlm2_7b_reward,gsm8k,gsm8k_351,"product->A,gm->B",B,B,gm,
1,annotation_sheet_returned_0.xlsx,162,3003f4a02fe7,gsm8k_skywork_prm_074,skywork_prm,gsm8k,gsm8k_151,"gm->A,product->B",A,A,gm,
1,annotation_sheet_returned_0.xlsx,163,69a66decafad,math500_internlm2_7b_reward_096,internlm2_7b_reward,math500,math500_272,"gm->A,product->B",No preference,No preference,no_preference,
1,annotation_sheet_returned_0.xlsx,164,e466a3646393,gsm8k_skywork_prm_080,skywork_prm,gsm8k,gsm8k_316,"product->A,gm->B",No preference,No preference,no_preference,
1,annotation_sheet_returned_0.xlsx,165,0a749f8f5420,math500_skywork_prm_013,skywork_prm,math500,math500_288,"product->A,gm->B",No preference,No preference,no_preference,
1,annotation_sheet_returned_0.xlsx,166,bed59e202f6d,math500_skywork_prm_056,skywork_prm,math500,math500_469,"gm->A,product->B",A,A,gm,
1,annotation_sheet_returned_0.xlsx,167,74c913ef4dd4,gsm8k_internlm2_7b_reward_013,internlm2_7b_reward,gsm8k,gsm8k_150,"gm->A,product->B",A,A,gm,
1,annotation_sheet_returned_0.xlsx,168,53fc5a8ed2a5,gsm8k_internlm2_7b_reward_065,internlm2_7b_reward,gsm8k,gsm8k_385,"gm->A,product->B",No preference,No preference,no_preference,
1,annotation_sheet_returned_0.xlsx,169,74cd700a351f,gsm8k_internlm2_7b_reward_053,internlm2_7b_reward,gsm8k,gsm8k_483,"gm->A,product->B",A,A,gm,
1,annotation_sheet_returned_0.xlsx,170,d8d9eebe9620,gsm8k_skywork_prm_039,skywork_prm,gsm8k,gsm8k_336,"product->A,gm->B",B,B,gm,
1,annotation_sheet_returned_0.xlsx,171,e1bac3dd0af8,math500_skywork_prm_030,skywork_prm,math500,math500_237,"gm->A,product->B",A,A,gm,
1,annotation_sheet_returned_0.xlsx,172,a5fbc3bb93ff,math500_internlm2_7b_reward_003,internlm2_7b_reward,math500,math500_238,"gm->A,product->B",A,A,gm,
1,annotation_sheet_returned_0.xlsx,173,0242beca5c4e,math500_internlm2_7b_reward_011,internlm2_7b_reward,math500,math500_443,"product->A,gm->B",No preference,No preference,no_preference,
1,annotation_sheet_returned_0.xlsx,174,6433626d30d7,gsm8k_skywork_prm_068,skywork_prm,gsm8k,gsm8k_286,"product->A,gm->B",B,B,gm,
1,annotation_sheet_returned_0.xlsx,175,bb8e63a9d708,gsm8k_skywork_prm_047,skywork_prm,gsm8k,gsm8k_422,"product->A,gm->B",B,B,gm,
1,annotation_sheet_returned_0.xlsx,176,82115501d48b,gsm8k_skywork_prm_099,skywork_prm,gsm8k,gsm8k_318,"gm->A,product->B",No preference,No preference,no_preference,
1,annotation_sheet_returned_0.xlsx,177,aa0b43485e27,gsm8k_skywork_prm_028,skywork_prm,gsm8k,gsm8k_349,"gm->A,product->B",No preference,No preference,no_preference,
1,annotation_sheet_returned_0.xlsx,178,743420f54d1b,math500_internlm2_7b_reward_031,internlm2_7b_reward,math500,math500_468,"product->A,gm->B",No preference,No preference,no_preference,
1,annotation_sheet_returned_0.xlsx,179,9dbcef439812,math500_internlm2_7b_reward_085,internlm2_7b_reward,math500,math500_288,"gm->A,product->B",No preference,No preference,no_preference,
1,annotation_sheet_returned_0.xlsx,180,78bf1abb3511,gsm8k_internlm2_7b_reward_032,internlm2_7b_reward,gsm8k,gsm8k_208,"product->A,gm->B",B,B,gm,
1,annotation_sheet_returned_0.xlsx,181,e8f5bf6eb540,gsm8k_internlm2_7b_reward_010,internlm2_7b_reward,gsm8k,gsm8k_423,"gm->A,product->B",No preference,No preference,no_preference,
1,annotation_sheet_returned_0.xlsx,182,ffd4b90a8514,math500_internlm2_7b_reward_044,internlm2_7b_reward,math500,math500_275,"gm->A,product->B",A,A,gm,
1,annotation_sheet_returned_0.xlsx,183,55856d7b21a3,gsm8k_skywork_prm_052,skywork_prm,gsm8k,gsm8k_381,"product->A,gm->B",No preference,No preference,no_preference,
1,annotation_sheet_returned_0.xlsx,184,8c43ec4d9c76,gsm8k_skywork_prm_062,skywork_prm,gsm8k,gsm8k_181,"product->A,gm->B",B,B,gm,
1,annotation_sheet_returned_0.xlsx,185,5de526b5eea0,math500_skywork_prm_057,skywork_prm,math500,math500_112,"gm->A,product->B",A,A,gm,
1,annotation_sheet_returned_0.xlsx,186,32c985a29c68,math500_skywork_prm_016,skywork_prm,math500,math500_406,"gm->A,product->B",No preference,No preference,no_preference,
1,annotation_sheet_returned_0.xlsx,187,8309adbc1418,math500_internlm2_7b_reward_062,internlm2_7b_reward,math500,math500_140,"gm->A,product->B",A,A,gm,
1,annotation_sheet_returned_0.xlsx,188,edc0e56e470b,math500_skywork_prm_061,skywork_prm,math500,math500_044,"product->A,gm->B",No preference,No preference,no_preference,
1,annotation_sheet_returned_0.xlsx,189,d3516a6d174f,gsm8k_skywork_prm_048,skywork_prm,gsm8k,gsm8k_025,"gm->A,product->B",A,A,gm,
1,annotation_sheet_returned_0.xlsx,190,d11b185d7c08,gsm8k_skywork_prm_050,skywork_prm,gsm8k,gsm8k_142,"gm->A,product->B",No preference,No preference,no_preference,
1,annotation_sheet_returned_0.xlsx,191,9630a89fb8c7,gsm8k_internlm2_7b_reward_086,internlm2_7b_reward,gsm8k,gsm8k_341,"gm->A,product->B",A,A,gm,
1,annotation_sheet_returned_0.xlsx,192,6dd70d7b8d46,math500_internlm2_7b_reward_048,internlm2_7b_reward,math500,math500_370,"gm->A,product->B",No preference,No preference,no_preference,
1,annotation_sheet_returned_0.xlsx,193,6b2c5ad11b3e,gsm8k_skywork_prm_002,skywork_prm,gsm8k,gsm8k_372,"product->A,gm->B",B,B,gm,
1,annotation_sheet_returned_0.xlsx,194,0267933b147e,gsm8k_skywork_prm_053,skywork_prm,gsm8k,gsm8k_069,"product->A,gm->B",No preference,No preference,no_preference,
1,annotation_sheet_returned_0.xlsx,195,c657431ed4ec,math500_internlm2_7b_reward_050,internlm2_7b_reward,math500,math500_112,"product->A,gm->B",B,B,gm,
1,annotation_sheet_returned_0.xlsx,196,26782667093a,math500_internlm2_7b_reward_073,internlm2_7b_reward,math500,math500_474,"product->A,gm->B",No preference,No preference,no_preference,
1,annotation_sheet_returned_0.xlsx,197,78da0ce862e1,gsm8k_internlm2_7b_reward_029,internlm2_7b_reward,gsm8k,gsm8k_353,"product->A,gm->B",B,B,gm,
1,annotation_sheet_returned_0.xlsx,198,6c44d8f70e87,math500_internlm2_7b_reward_083,internlm2_7b_reward,math500,math500_231,"gm->A,product->B",A,A,gm,
1,annotation_sheet_returned_0.xlsx,199,0430ab6d1ede,gsm8k_internlm2_7b_reward_069,internlm2_7b_reward,gsm8k,gsm8k_372,"product->A,gm->B",B,B,gm,
1,annotation_sheet_returned_0.xlsx,200,2dabf74745e2,math500_internlm2_7b_reward_027,internlm2_7b_reward,math500,math500_131,"product->A,gm->B",No preference,No preference,no_preference,
2,annotation_sheet_returned_1.xlsx,1,878f1ca78fcc,math500_internlm2_7b_reward_061,internlm2_7b_reward,math500,math500_330,"product->A,gm->B",No preference,No preference,no_preference,
2,annotation_sheet_returned_1.xlsx,2,0e2966a96f8f,math500_skywork_prm_070,skywork_prm,math500,math500_379,"gm->A,product->B",No preference,No preference,no_preference,
2,annotation_sheet_returned_1.xlsx,3,dc81af2746e2,math500_internlm2_7b_reward_094,internlm2_7b_reward,math500,math500_395,"gm->A,product->B",No preference,No preference,no_preference,
2,annotation_sheet_returned_1.xlsx,4,6dd70d7b8d46,math500_internlm2_7b_reward_048,internlm2_7b_reward,math500,math500_370,"gm->A,product->B",No preference,No preference,no_preference,
2,annotation_sheet_returned_1.xlsx,5,18f14679ea50,gsm8k_skywork_prm_035,skywork_prm,gsm8k,gsm8k_473,"product->A,gm->B",No preference,No preference,no_preference,
2,annotation_sheet_returned_1.xlsx,6,dd5ff5cfe7fd,math500_internlm2_7b_reward_017,internlm2_7b_reward,math500,math500_142,"gm->A,product->B",No preference,No preference,no_preference,
2,annotation_sheet_returned_1.xlsx,7,0a749f8f5420,math500_skywork_prm_013,skywork_prm,math500,math500_288,"product->A,gm->B",No preference,No preference,no_preference,
2,annotation_sheet_returned_1.xlsx,8,2d4a6b05e613,gsm8k_internlm2_7b_reward_055,internlm2_7b_reward,gsm8k,gsm8k_271,"gm->A,product->B",No preference,No preference,no_preference,
2,annotation_sheet_returned_1.xlsx,9,64cdff8dd526,gsm8k_skywork_prm_081,skywork_prm,gsm8k,gsm8k_365,"gm->A,product->B",No preference,No preference,no_preference,
2,annotation_sheet_returned_1.xlsx,10,0242beca5c4e,math500_internlm2_7b_reward_011,internlm2_7b_reward,math500,math500_443,"gm->A,product->B",No preference,No preference,no_preference,
2,annotation_sheet_returned_1.xlsx,11,69f4162efe62,math500_internlm2_7b_reward_001,internlm2_7b_reward,math500,math500_046,"gm->A,product->B",A,A,gm,
2,annotation_sheet_returned_1.xlsx,12,9f6e61392251,math500_internlm2_7b_reward_095,internlm2_7b_reward,math500,math500_309,"product->A,gm->B",No preference,No preference,no_preference,
2,annotation_sheet_returned_1.xlsx,13,09430744a2de,gsm8k_skywork_prm_019,skywork_prm,gsm8k,gsm8k_111,"gm->A,product->B",No preference,No preference,no_preference,
2,annotation_sheet_returned_1.xlsx,14,cb67057171c0,math500_skywork_prm_047,skywork_prm,math500,math500_334,"product->A,gm->B",No preference,No preference,no_preference,
2,annotation_sheet_returned_1.xlsx,15,26782667093a,math500_internlm2_7b_reward_073,internlm2_7b_reward,math500,math500_474,"product->A,gm->B",No preference,No preference,no_preference,
2,annotation_sheet_returned_1.xlsx,16,22832fa842d3,gsm8k_skywork_prm_025,skywork_prm,gsm8k,gsm8k_361,"gm->A,product->B",No preference,No preference,no_preference,
2,annotation_sheet_returned_1.xlsx,17,c9c0ae612b9f,math500_skywork_prm_024,skywork_prm,math500,math500_474,"product->A,gm->B",No preference,No preference,no_preference,
2,annotation_sheet_returned_1.xlsx,18,ab0aa14b0439,math500_skywork_prm_031,skywork_prm,math500,math500_046,"gm->A,product->B",A,A,gm,
2,annotation_sheet_returned_1.xlsx,19,2b21da93529f,gsm8k_skywork_prm_049,skywork_prm,gsm8k,gsm8k_425,"gm->A,product->B",No preference,No preference,no_preference,
2,annotation_sheet_returned_1.xlsx,20,c8a3c0be29bf,gsm8k_internlm2_7b_reward_035,internlm2_7b_reward,gsm8k,gsm8k_264,"gm->A,product->B",No preference,No preference,no_preference,
2,annotation_sheet_returned_1.xlsx,21,ee0c7621ff10,gsm8k_internlm2_7b_reward_027,internlm2_7b_reward,gsm8k,gsm8k_213,"product->A,gm->B",No preference,No preference,no_preference,
2,annotation_sheet_returned_1.xlsx,22,5e31b512047a,gsm8k_internlm2_7b_reward_034,internlm2_7b_reward,gsm8k,gsm8k_318,"product->A,gm->B",B,B,gm,
2,annotation_sheet_returned_1.xlsx,23,8b3488e3cf4b,gsm8k_skywork_prm_085,skywork_prm,gsm8k,gsm8k_233,"product->A,gm->B",No preference,No preference,no_preference,
2,annotation_sheet_returned_1.xlsx,24,51fafe0c35b0,math500_internlm2_7b_reward_041,internlm2_7b_reward,math500,math500_471,"product->A,gm->B",No preference,No preference,no_preference,
2,annotation_sheet_returned_1.xlsx,25,e802289004fb,gsm8k_internlm2_7b_reward_048,internlm2_7b_reward,gsm8k,gsm8k_351,"gm->A,product->B",No preference,No preference,no_preference,
2,annotation_sheet_returned_1.xlsx,26,78bf1abb3511,gsm8k_internlm2_7b_reward_032,internlm2_7b_reward,gsm8k,gsm8k_208,"product->A,gm->B",No preference,No preference,no_preference,
2,annotation_sheet_returned_1.xlsx,27,079e63f9072c,gsm8k_internlm2_7b_reward_046,internlm2_7b_reward,gsm8k,gsm8k_404,"product->A,gm->B",No preference,No preference,no_preference,
2,annotation_sheet_returned_1.xlsx,28,ea9e7e5f9ca5,gsm8k_skywork_prm_066,skywork_prm,gsm8k,gsm8k_219,"product->A,gm->B",No preference,No preference,no_preference,
2,annotation_sheet_returned_1.xlsx,29,d01eca5053df,math500_internlm2_7b_reward_078,internlm2_7b_reward,math500,math500_226,"product->A,gm->B",No preference,No preference,no_preference,
2,annotation_sheet_returned_1.xlsx,30,bed59e202f6d,math500_skywork_prm_056,skywork_prm,math500,math500_469,"gm->A,product->B",No preference,No preference,no_preference,
2,annotation_sheet_returned_1.xlsx,31,a70ec4e683d8,gsm8k_skywork_prm_090,skywork_prm,gsm8k,gsm8k_013,"product->A,gm->B",B,B,gm,
2,annotation_sheet_returned_1.xlsx,32,fd20ea573003,gsm8k_skywork_prm_069,skywork_prm,gsm8k,gsm8k_475,"product->A,gm->B",No preference,No preference,no_preference,
2,annotation_sheet_returned_1.xlsx,33,2a824851dcf1,math500_skywork_prm_025,skywork_prm,math500,math500_280,"product->A,gm->B",No preference,No preference,no_preference,
2,annotation_sheet_returned_1.xlsx,34,eef98f801fff,gsm8k_internlm2_7b_reward_005,internlm2_7b_reward,gsm8k,gsm8k_024,"gm->A,product->B",No preference,No preference,no_preference,
2,annotation_sheet_returned_1.xlsx,35,16fff55a12e8,gsm8k_skywork_prm_094,skywork_prm,gsm8k,gsm8k_254,"product->A,gm->B",No preference,No preference,no_preference,
2,annotation_sheet_returned_1.xlsx,36,09c62ddb64eb,gsm8k_internlm2_7b_reward_062,internlm2_7b_reward,gsm8k,gsm8k_334,"product->A,gm->B",No preference,No preference,no_preference,
2,annotation_sheet_returned_1.xlsx,37,af509ace1dbc,math500_skywork_prm_012,skywork_prm,math500,math500_396,"product->A,gm->B",B,B,gm,
2,annotation_sheet_returned_1.xlsx,38,92fc7e95eb5e,gsm8k_skywork_prm_041,skywork_prm,gsm8k,gsm8k_211,"gm->A,product->B",No preference,No preference,no_preference,
2,annotation_sheet_returned_1.xlsx,39,53fc5a8ed2a5,gsm8k_internlm2_7b_reward_065,internlm2_7b_reward,gsm8k,gsm8k_385,"product->A,gm->B",No preference,No preference,no_preference,
2,annotation_sheet_returned_1.xlsx,40,74cd700a351f,gsm8k_internlm2_7b_reward_053,internlm2_7b_reward,gsm8k,gsm8k_483,"product->A,gm->B",No preference,No preference,no_preference,
2,annotation_sheet_returned_1.xlsx,41,44cff86c1fd5,math500_internlm2_7b_reward_002,internlm2_7b_reward,math500,math500_199,"product->A,gm->B",No preference,No preference,no_preference,
2,annotation_sheet_returned_1.xlsx,42,56f9d0440194,gsm8k_internlm2_7b_reward_078,internlm2_7b_reward,gsm8k,gsm8k_313,"gm->A,product->B",No preference,No preference,no_preference,
2,annotation_sheet_returned_1.xlsx,43,1af976087535,gsm8k_internlm2_7b_reward_091,internlm2_7b_reward,gsm8k,gsm8k_477,"gm->A,product->B",No preference,No preference,no_preference,
2,annotation_sheet_returned_1.xlsx,44,0d1396a99aa8,gsm8k_skywork_prm_042,skywork_prm,gsm8k,gsm8k_027,"product->A,gm->B",No preference,No preference,no_preference,
2,annotation_sheet_returned_1.xlsx,45,78da0ce862e1,gsm8k_internlm2_7b_reward_029,internlm2_7b_reward,gsm8k,gsm8k_353,"product->A,gm->B",No preference,No preference,no_preference,
2,annotation_sheet_returned_1.xlsx,46,08ebc5bec50d,math500_skywork_prm_067,skywork_prm,math500,math500_368,"gm->A,product->B",No preference,No preference,no_preference,
2,annotation_sheet_returned_1.xlsx,47,c099765b56a2,math500_internlm2_7b_reward_032,internlm2_7b_reward,math500,math500_056,"product->A,gm->B",No preference,No preference,no_preference,
2,annotation_sheet_returned_1.xlsx,48,6de0c2e14368,math500_skywork_prm_036,skywork_prm,math500,math500_107,"gm->A,product->B",No preference,No preference,no_preference,
2,annotation_sheet_returned_1.xlsx,49,e1bac3dd0af8,math500_skywork_prm_030,skywork_prm,math500,math500_237,"product->A,gm->B",No preference,No preference,no_preference,
2,annotation_sheet_returned_1.xlsx,50,6433626d30d7,gsm8k_skywork_prm_068,skywork_prm,gsm8k,gsm8k_286,"product->A,gm->B",No preference,No preference,no_preference,
2,annotation_sheet_returned_1.xlsx,51,477d4668937a,math500_internlm2_7b_reward_039,internlm2_7b_reward,math500,math500_223,"gm->A,product->B",A,A,gm,
2,annotation_sheet_returned_1.xlsx,52,c9b90e6459b9,math500_internlm2_7b_reward_045,internlm2_7b_reward,math500,math500_037,"product->A,gm->B",No preference,No preference,no_preference,
2,annotation_sheet_returned_1.xlsx,53,253a23c9c2bb,math500_skywork_prm_048,skywork_prm,math500,math500_399,"product->A,gm->B",No preference,No preference,no_preference,
2,annotation_sheet_returned_1.xlsx,54,86e1923e66ab,gsm8k_internlm2_7b_reward_099,internlm2_7b_reward,gsm8k,gsm8k_350,"product->A,gm->B",No preference,No preference,no_preference,
2,annotation_sheet_returned_1.xlsx,55,02c10db40f20,math500_skywork_prm_010,skywork_prm,math500,math500_118,"gm->A,product->B",No preference,No preference,no_preference,
2,annotation_sheet_returned_1.xlsx,56,a055f8dc31ca,math500_internlm2_7b_reward_012,internlm2_7b_reward,math500,math500_059,"product->A,gm->B",No preference,No preference,no_preference,
2,annotation_sheet_returned_1.xlsx,57,ffd4b90a8514,math500_internlm2_7b_reward_044,internlm2_7b_reward,math500,math500_275,"product->A,gm->B",No preference,No preference,no_preference,
2,annotation_sheet_returned_1.xlsx,58,da0dd69948c7,math500_internlm2_7b_reward_086,internlm2_7b_reward,math500,math500_121,"gm->A,product->B",No preference,No preference,no_preference,
2,annotation_sheet_returned_1.xlsx,59,435e932aef3c,gsm8k_internlm2_7b_reward_060,internlm2_7b_reward,gsm8k,gsm8k_424,"gm->A,product->B",No preference,No preference,no_preference,
2,annotation_sheet_returned_1.xlsx,60,1e0765a6c0df,math500_skywork_prm_004,skywork_prm,math500,math500_262,"gm->A,product->B",No preference,No preference,no_preference,
2,annotation_sheet_returned_1.xlsx,61,a76ceb28dc4e,gsm8k_internlm2_7b_reward_019,internlm2_7b_reward,gsm8k,gsm8k_025,"gm->A,product->B",No preference,No preference,no_preference,
2,annotation_sheet_returned_1.xlsx,62,87377a38dbc2,math500_internlm2_7b_reward_020,internlm2_7b_reward,math500,math500_241,"gm->A,product->B",A,A,gm,
2,annotation_sheet_returned_1.xlsx,63,f5aa9f1feeb7,gsm8k_internlm2_7b_reward_023,internlm2_7b_reward,gsm8k,gsm8k_165,"gm->A,product->B",No preference,No preference,no_preference,
2,annotation_sheet_returned_1.xlsx,64,aa95d0af4d32,gsm8k_internlm2_7b_reward_063,internlm2_7b_reward,gsm8k,gsm8k_029,"product->A,gm->B",No preference,No preference,no_preference,
2,annotation_sheet_returned_1.xlsx,65,bb8e63a9d708,gsm8k_skywork_prm_047,skywork_prm,gsm8k,gsm8k_422,"product->A,gm->B",B,B,gm,
2,annotation_sheet_returned_1.xlsx,66,b65a2542f27e,math500_skywork_prm_006,skywork_prm,math500,math500_475,"product->A,gm->B",No preference,No preference,no_preference,
2,annotation_sheet_returned_1.xlsx,67,74c913ef4dd4,gsm8k_internlm2_7b_reward_013,internlm2_7b_reward,gsm8k,gsm8k_150,"product->A,gm->B",B,B,gm,
2,annotation_sheet_returned_1.xlsx,68,a78bc1193253,gsm8k_internlm2_7b_reward_020,internlm2_7b_reward,gsm8k,gsm8k_121,"gm->A,product->B",No preference,No preference,no_preference,
2,annotation_sheet_returned_1.xlsx,69,9630a89fb8c7,gsm8k_internlm2_7b_reward_086,internlm2_7b_reward,gsm8k,gsm8k_341,"product->A,gm->B",No preference,No preference,no_preference,
2,annotation_sheet_returned_1.xlsx,70,990ec7fadf1d,gsm8k_internlm2_7b_reward_007,internlm2_7b_reward,gsm8k,gsm8k_013,"product->A,gm->B",B,B,gm,
2,annotation_sheet_returned_1.xlsx,71,587cc87ead09,gsm8k_internlm2_7b_reward_089,internlm2_7b_reward,gsm8k,gsm8k_420,"gm->A,product->B",No preference,No preference,no_preference,
2,annotation_sheet_returned_1.xlsx,72,9fdeb3f7d85b,math500_skywork_prm_068,skywork_prm,math500,math500_415,"product->A,gm->B",No preference,No preference,no_preference,
2,annotation_sheet_returned_1.xlsx,73,d177ef91678d,gsm8k_skywork_prm_036,skywork_prm,gsm8k,gsm8k_268,"gm->A,product->B",No preference,No preference,no_preference,
2,annotation_sheet_returned_1.xlsx,74,d672e23e67fe,gsm8k_internlm2_7b_reward_026,internlm2_7b_reward,gsm8k,gsm8k_163,"gm->A,product->B",No preference,No preference,no_preference,
2,annotation_sheet_returned_1.xlsx,75,459b41804365,math500_internlm2_7b_reward_088,internlm2_7b_reward,math500,math500_013,"product->A,gm->B",No preference,No preference,no_preference,
2,annotation_sheet_returned_1.xlsx,76,40d49b8991f2,gsm8k_internlm2_7b_reward_093,internlm2_7b_reward,gsm8k,gsm8k_219,"gm->A,product->B",A,A,gm,
2,annotation_sheet_returned_1.xlsx,77,2c4a69a71dd4,gsm8k_skywork_prm_009,skywork_prm,gsm8k,gsm8k_397,"product->A,gm->B",No preference,No preference,no_preference,
2,annotation_sheet_returned_1.xlsx,78,b55a5038f75a,gsm8k_skywork_prm_045,skywork_prm,gsm8k,gsm8k_493,"product->A,gm->B",No preference,No preference,no_preference,
2,annotation_sheet_returned_1.xlsx,79,40d8271a20ad,gsm8k_skywork_prm_044,skywork_prm,gsm8k,gsm8k_029,"gm->A,product->B",No preference,No preference,no_preference,
2,annotation_sheet_returned_1.xlsx,80,eb2829a3e225,math500_skywork_prm_001,skywork_prm,math500,math500_304,"gm->A,product->B",No preference,No preference,no_preference,
2,annotation_sheet_returned_1.xlsx,81,d404cd86343f,gsm8k_skywork_prm_100,skywork_prm,gsm8k,gsm8k_467,"product->A,gm->B",No preference,No preference,no_preference,
2,annotation_sheet_returned_1.xlsx,82,25c211f41e97,math500_internlm2_7b_reward_091,internlm2_7b_reward,math500,math500_005,"product->A,gm->B",No preference,No preference,no_preference,
2,annotation_sheet_returned_1.xlsx,83,dde4c87fc50a,math500_internlm2_7b_reward_026,internlm2_7b_reward,math500,math500_034,"gm->A,product->B",No preference,No preference,no_preference,
2,annotation_sheet_returned_1.xlsx,84,18fd6f6487b9,gsm8k_skywork_prm_077,skywork_prm,gsm8k,gsm8k_247,"gm->A,product->B",No preference,No preference,no_preference,
2,annotation_sheet_returned_1.xlsx,85,4d8f71196b4d,math500_internlm2_7b_reward_053,internlm2_7b_reward,math500,math500_334,"product->A,gm->B",No preference,No preference,no_preference,
2,annotation_sheet_returned_1.xlsx,86,e4e81431fcd3,math500_skywork_prm_046,skywork_prm,math500,math500_259,"product->A,gm->B",No preference,No preference,no_preference,
2,annotation_sheet_returned_1.xlsx,87,7ab4391a06ad,math500_skywork_prm_017,skywork_prm,math500,math500_405,"product->A,gm->B",No preference,No preference,no_preference,
2,annotation_sheet_returned_1.xlsx,88,6c44d8f70e87,math500_internlm2_7b_reward_083,internlm2_7b_reward,math500,math500_231,"gm->A,product->B",No preference,No preference,no_preference,
2,annotation_sheet_returned_1.xlsx,89,e8f5bf6eb540,gsm8k_internlm2_7b_reward_010,internlm2_7b_reward,gsm8k,gsm8k_423,"product->A,gm->B",No preference,No preference,no_preference,
2,annotation_sheet_returned_1.xlsx,90,0235b7e55b04,gsm8k_internlm2_7b_reward_047,internlm2_7b_reward,gsm8k,gsm8k_046,"gm->A,product->B",No preference,No preference,no_preference,
2,annotation_sheet_returned_1.xlsx,91,d11b185d7c08,gsm8k_skywork_prm_050,skywork_prm,gsm8k,gsm8k_142,"product->A,gm->B",No preference,No preference,no_preference,
2,annotation_sheet_returned_1.xlsx,92,d4c8945551d9,gsm8k_internlm2_7b_reward_014,internlm2_7b_reward,gsm8k,gsm8k_389,"product->A,gm->B",No preference,No preference,no_preference,
2,annotation_sheet_returned_1.xlsx,93,fa746c447420,math500_skywork_prm_060,skywork_prm,math500,math500_105,"product->A,gm->B",No preference,No preference,no_preference,
2,annotation_sheet_returned_1.xlsx,94,3e94a82c1f3c,math500_internlm2_7b_reward_046,internlm2_7b_reward,math500,math500_027,"gm->A,product->B",No preference,No preference,no_preference,
2,annotation_sheet_returned_1.xlsx,95,ffd4bad29048,math500_internlm2_7b_reward_081,internlm2_7b_reward,math500,math500_449,"product->A,gm->B",No preference,No preference,no_preference,
2,annotation_sheet_returned_1.xlsx,96,932dedf9ebb8,math500_skywork_prm_050,skywork_prm,math500,math500_234,"gm->A,product->B",No preference,No preference,no_preference,
2,annotation_sheet_returned_1.xlsx,97,801c892459d7,math500_skywork_prm_002,skywork_prm,math500,math500_254,"gm->A,product->B",No preference,No preference,no_preference,
2,annotation_sheet_returned_1.xlsx,98,03884f35ee30,gsm8k_internlm2_7b_reward_088,internlm2_7b_reward,gsm8k,gsm8k_112,"gm->A,product->B",No preference,No preference,no_preference,
2,annotation_sheet_returned_1.xlsx,99,7788f79d6d9b,gsm8k_skywork_prm_032,skywork_prm,gsm8k,gsm8k_362,"gm->A,product->B",No preference,No preference,no_preference,
2,annotation_sheet_returned_1.xlsx,100,55856d7b21a3,gsm8k_skywork_prm_052,skywork_prm,gsm8k,gsm8k_381,"product->A,gm->B",No preference,No preference,no_preference,
2,annotation_sheet_returned_1.xlsx,101,6e021733e720,math500_skywork_prm_023,skywork_prm,math500,math500_299,"product->A,gm->B",No preference,No preference,no_preference,
2,annotation_sheet_returned_1.xlsx,102,0430ab6d1ede,gsm8k_internlm2_7b_reward_069,internlm2_7b_reward,gsm8k,gsm8k_372,"product->A,gm->B",No preference,No preference,no_preference,
2,annotation_sheet_returned_1.xlsx,103,6891337dc624,math500_internlm2_7b_reward_025,internlm2_7b_reward,math500,math500_335,"gm->A,product->B",No preference,No preference,no_preference,
2,annotation_sheet_returned_1.xlsx,104,f3e947063a1d,math500_skywork_prm_038,skywork_prm,math500,math500_016,"gm->A,product->B",No preference,No preference,no_preference,
2,annotation_sheet_returned_1.xlsx,105,1cf349eae04e,gsm8k_internlm2_7b_reward_006,internlm2_7b_reward,gsm8k,gsm8k_431,"product->A,gm->B",No preference,No preference,no_preference,
2,annotation_sheet_returned_1.xlsx,106,5de526b5eea0,math500_skywork_prm_057,skywork_prm,math500,math500_112,"gm->A,product->B",No preference,No preference,no_preference,
2,annotation_sheet_returned_1.xlsx,107,3ee0887027e6,math500_internlm2_7b_reward_090,internlm2_7b_reward,math500,math500_207,"gm->A,product->B",No preference,No preference,no_preference,
2,annotation_sheet_returned_1.xlsx,108,3fd67f264930,gsm8k_skywork_prm_013,skywork_prm,gsm8k,gsm8k_046,"gm->A,product->B",No preference,No preference,no_preference,
2,annotation_sheet_returned_1.xlsx,109,145100c57385,math500_skywork_prm_052,skywork_prm,math500,math500_226,"gm->A,product->B",No preference,No preference,no_preference,
2,annotation_sheet_returned_1.xlsx,110,25364fa9fb91,math500_internlm2_7b_reward_024,internlm2_7b_reward,math500,math500_237,"gm->A,product->B",A,A,gm,
2,annotation_sheet_returned_1.xlsx,111,6eac1b1d601d,gsm8k_skywork_prm_084,skywork_prm,gsm8k,gsm8k_263,"gm->A,product->B",A,A,gm,
2,annotation_sheet_returned_1.xlsx,112,20da3912882e,gsm8k_skywork_prm_079,skywork_prm,gsm8k,gsm8k_204,"gm->A,product->B",No preference,No preference,no_preference,
2,annotation_sheet_returned_1.xlsx,113,92493ba5e5de,math500_skywork_prm_009,skywork_prm,math500,math500_017,"product->A,gm->B",No preference,No preference,no_preference,
2,annotation_sheet_returned_1.xlsx,114,32c985a29c68,math500_skywork_prm_016,skywork_prm,math500,math500_406,"gm->A,product->B",No preference,No preference,no_preference,
2,annotation_sheet_returned_1.xlsx,115,acf66429f6bc,math500_internlm2_7b_reward_028,internlm2_7b_reward,math500,math500_336,"product->A,gm->B",No preference,No preference,no_preference,
2,annotation_sheet_returned_1.xlsx,116,3b20eced41e1,gsm8k_internlm2_7b_reward_002,internlm2_7b_reward,gsm8k,gsm8k_348,"gm->A,product->B",No preference,No preference,no_preference,
2,annotation_sheet_returned_1.xlsx,117,90b78afe3377,math500_internlm2_7b_reward_077,internlm2_7b_reward,math500,math500_134,"product->A,gm->B",No preference,No preference,no_preference,
2,annotation_sheet_returned_1.xlsx,118,3cadef3ee492,math500_skywork_prm_028,skywork_prm,math500,math500_275,"product->A,gm->B",No preference,No preference,no_preference,
2,annotation_sheet_returned_1.xlsx,119,6b2c5ad11b3e,gsm8k_skywork_prm_002,skywork_prm,gsm8k,gsm8k_372,"product->A,gm->B",No preference,No preference,no_preference,
2,annotation_sheet_returned_1.xlsx,120,bc11fae4e2ba,gsm8k_internlm2_7b_reward_076,internlm2_7b_reward,gsm8k,gsm8k_456,"gm->A,product->B",No preference,No preference,no_preference,
2,annotation_sheet_returned_1.xlsx,121,7c8075a57a50,math500_skywork_prm_020,skywork_prm,math500,math500_358,"gm->A,product->B",No preference,No preference,no_preference,
2,annotation_sheet_returned_1.xlsx,122,14db67a05b01,gsm8k_skywork_prm_038,skywork_prm,gsm8k,gsm8k_382,"gm->A,product->B",No preference,No preference,no_preference,
2,annotation_sheet_returned_1.xlsx,123,69a66decafad,math500_internlm2_7b_reward_096,internlm2_7b_reward,math500,math500_272,"product->A,gm->B",No preference,No preference,no_preference,
2,annotation_sheet_returned_1.xlsx,124,0a4b06c33d43,math500_internlm2_7b_reward_064,internlm2_7b_reward,math500,math500_234,"product->A,gm->B",No preference,No preference,no_preference,
2,annotation_sheet_returned_1.xlsx,125,455df6aa2fcd,math500_skywork_prm_018,skywork_prm,math500,math500_283,"product->A,gm->B",No preference,No preference,no_preference,
2,annotation_sheet_returned_1.xlsx,126,204013c12887,math500_skywork_prm_058,skywork_prm,math500,math500_455,"gm->A,product->B",No preference,No preference,no_preference,
2,annotation_sheet_returned_1.xlsx,127,c565dbc8212d,gsm8k_skywork_prm_083,skywork_prm,gsm8k,gsm8k_193,"product->A,gm->B",No preference,No preference,no_preference,
2,annotation_sheet_returned_1.xlsx,128,6507c25a99bc,gsm8k_internlm2_7b_reward_064,internlm2_7b_reward,gsm8k,gsm8k_489,"gm->A,product->B",No preference,No preference,no_preference,
2,annotation_sheet_returned_1.xlsx,129,3a84d3790ef5,math500_internlm2_7b_reward_097,internlm2_7b_reward,math500,math500_151,"gm->A,product->B",No preference,No preference,no_preference,
2,annotation_sheet_returned_1.xlsx,130,aa0b43485e27,gsm8k_skywork_prm_028,skywork_prm,gsm8k,gsm8k_349,"gm->A,product->B",No preference,No preference,no_preference,
2,annotation_sheet_returned_1.xlsx,131,3003f4a02fe7,gsm8k_skywork_prm_074,skywork_prm,gsm8k,gsm8k_151,"product->A,gm->B",No preference,No preference,no_preference,
2,annotation_sheet_returned_1.xlsx,132,23131037bb61,gsm8k_internlm2_7b_reward_039,internlm2_7b_reward,gsm8k,gsm8k_250,"gm->A,product->B",No preference,No preference,no_preference,
2,annotation_sheet_returned_1.xlsx,133,30967a05e57f,math500_internlm2_7b_reward_069,internlm2_7b_reward,math500,math500_366,"product->A,gm->B",No preference,No preference,no_preference,
2,annotation_sheet_returned_1.xlsx,134,a0d102eae822,gsm8k_internlm2_7b_reward_087,internlm2_7b_reward,gsm8k,gsm8k_218,"product->A,gm->B",B,B,gm,
2,annotation_sheet_returned_1.xlsx,135,99614891475b,gsm8k_internlm2_7b_reward_058,internlm2_7b_reward,gsm8k,gsm8k_086,"product->A,gm->B",No preference,No preference,no_preference,
2,annotation_sheet_returned_1.xlsx,136,4e2d389c9954,math500_internlm2_7b_reward_047,internlm2_7b_reward,math500,math500_221,"product->A,gm->B",No preference,No preference,no_preference,
2,annotation_sheet_returned_1.xlsx,137,aa512e72df41,gsm8k_skywork_prm_054,skywork_prm,gsm8k,gsm8k_393,"gm->A,product->B",No preference,No preference,no_preference,
2,annotation_sheet_returned_1.xlsx,138,5fa099c70d62,gsm8k_internlm2_7b_reward_056,internlm2_7b_reward,gsm8k,gsm8k_031,"product->A,gm->B",No preference,No preference,no_preference,
2,annotation_sheet_returned_1.xlsx,139,c44b89827ed6,gsm8k_internlm2_7b_reward_077,internlm2_7b_reward,gsm8k,gsm8k_366,"product->A,gm->B",No preference,No preference,no_preference,
2,annotation_sheet_returned_1.xlsx,140,d97571a24bbb,math500_internlm2_7b_reward_013,internlm2_7b_reward,math500,math500_055,"gm->A,product->B",No preference,No preference,no_preference,
2,annotation_sheet_returned_1.xlsx,141,c050737d135b,math500_skywork_prm_039,skywork_prm,math500,math500_151,"gm->A,product->B",No preference,No preference,no_preference,
2,annotation_sheet_returned_1.xlsx,142,edc0e56e470b,math500_skywork_prm_061,skywork_prm,math500,math500_044,"product->A,gm->B",No preference,No preference,no_preference,
2,annotation_sheet_returned_1.xlsx,143,c28fe081cd0a,gsm8k_skywork_prm_011,skywork_prm,gsm8k,gsm8k_152,"product->A,gm->B",No preference,No preference,no_preference,
2,annotation_sheet_returned_1.xlsx,144,8309adbc1418,math500_internlm2_7b_reward_062,internlm2_7b_reward,math500,math500_140,"product->A,gm->B",No preference,No preference,no_preference,
2,annotation_sheet_returned_1.xlsx,145,39283cbc4b2b,math500_skywork_prm_015,skywork_prm,math500,math500_024,"product->A,gm->B",No preference,No preference,no_preference,
2,annotation_sheet_returned_1.xlsx,146,c71cfd5554ab,math500_internlm2_7b_reward_006,internlm2_7b_reward,math500,math500_038,"product->A,gm->B",No preference,No preference,no_preference,
2,annotation_sheet_returned_1.xlsx,147,ae3b9a57ba9e,math500_skywork_prm_063,skywork_prm,math500,math500_301,"gm->A,product->B",No preference,No preference,no_preference,
2,annotation_sheet_returned_1.xlsx,148,82115501d48b,gsm8k_skywork_prm_099,skywork_prm,gsm8k,gsm8k_318,"product->A,gm->B",No preference,No preference,no_preference,
2,annotation_sheet_returned_1.xlsx,149,25be542327ca,math500_skywork_prm_026,skywork_prm,math500,math500_370,"product->A,gm->B",No preference,No preference,no_preference,
2,annotation_sheet_returned_1.xlsx,150,853a65dd7f88,gsm8k_internlm2_7b_reward_082,internlm2_7b_reward,gsm8k,gsm8k_474,"gm->A,product->B",No preference,No preference,no_preference,
2,annotation_sheet_returned_1.xlsx,151,de8bb5c383ad,math500_skywork_prm_054,skywork_prm,math500,math500_363,"product->A,gm->B",No preference,No preference,no_preference,
2,annotation_sheet_returned_1.xlsx,152,27af93a341ef,math500_skywork_prm_066,skywork_prm,math500,math500_121,"gm->A,product->B",No preference,No preference,no_preference,
2,annotation_sheet_returned_1.xlsx,153,d3516a6d174f,gsm8k_skywork_prm_048,skywork_prm,gsm8k,gsm8k_025,"product->A,gm->B",No preference,No preference,no_preference,
2,annotation_sheet_returned_1.xlsx,154,e4542cf5c9cc,gsm8k_skywork_prm_086,skywork_prm,gsm8k,gsm8k_170,"gm->A,product->B",No preference,No preference,no_preference,
2,annotation_sheet_returned_1.xlsx,155,68b1141fe483,gsm8k_internlm2_7b_reward_061,internlm2_7b_reward,gsm8k,gsm8k_107,"product->A,gm->B",No preference,No preference,no_preference,
2,annotation_sheet_returned_1.xlsx,156,0cd074a1469f,gsm8k_skywork_prm_016,skywork_prm,gsm8k,gsm8k_459,"gm->A,product->B",No preference,No preference,no_preference,
2,annotation_sheet_returned_1.xlsx,157,9dbcef439812,math500_internlm2_7b_reward_085,internlm2_7b_reward,math500,math500_288,"product->A,gm->B",No preference,No preference,no_preference,
2,annotation_sheet_returned_1.xlsx,158,c2d4706fab0f,gsm8k_skywork_prm_070,skywork_prm,gsm8k,gsm8k_172,"gm->A,product->B",No preference,No preference,no_preference,
2,annotation_sheet_returned_1.xlsx,159,a5fbc3bb93ff,math500_internlm2_7b_reward_003,internlm2_7b_reward,math500,math500_238,"product->A,gm->B",No preference,No preference,no_preference,
2,annotation_sheet_returned_1.xlsx,160,5fb8ba77941e,math500_skywork_prm_051,skywork_prm,math500,math500_243,"gm->A,product->B",No preference,No preference,no_preference,
2,annotation_sheet_returned_1.xlsx,161,743420f54d1b,math500_internlm2_7b_reward_031,internlm2_7b_reward,math500,math500_468,"gm->A,product->B",No preference,No preference,no_preference,
2,annotation_sheet_returned_1.xlsx,162,c5e62e62b3f1,math500_internlm2_7b_reward_037,internlm2_7b_reward,math500,math500_208,"product->A,gm->B",No preference,No preference,no_preference,
2,annotation_sheet_returned_1.xlsx,163,e466a3646393,gsm8k_skywork_prm_080,skywork_prm,gsm8k,gsm8k_316,"product->A,gm->B",No preference,No preference,no_preference,
2,annotation_sheet_returned_1.xlsx,164,727b90783681,gsm8k_internlm2_7b_reward_017,internlm2_7b_reward,gsm8k,gsm8k_354,"gm->A,product->B",No preference,No preference,no_preference,
2,annotation_sheet_returned_1.xlsx,165,338f7581c177,math500_skywork_prm_022,skywork_prm,math500,math500_310,"gm->A,product->B",No preference,No preference,no_preference,
2,annotation_sheet_returned_1.xlsx,166,c657431ed4ec,math500_internlm2_7b_reward_050,internlm2_7b_reward,math500,math500_112,"product->A,gm->B",No preference,No preference,no_preference,
2,annotation_sheet_returned_1.xlsx,167,59526b0df869,gsm8k_internlm2_7b_reward_054,internlm2_7b_reward,gsm8k,gsm8k_100,"product->A,gm->B",B,B,gm,
2,annotation_sheet_returned_1.xlsx,168,60d788ee8795,gsm8k_skywork_prm_061,skywork_prm,gsm8k,gsm8k_458,"gm->A,product->B",No preference,No preference,no_preference,
2,annotation_sheet_returned_1.xlsx,169,ccb3ac97a880,gsm8k_skywork_prm_008,skywork_prm,gsm8k,gsm8k_198,"gm->A,product->B",No preference,No preference,no_preference,
2,annotation_sheet_returned_1.xlsx,170,7d90908845c4,math500_skywork_prm_064,skywork_prm,math500,math500_026,"gm->A,product->B",A,A,gm,
2,annotation_sheet_returned_1.xlsx,171,4e49c019b9ec,gsm8k_skywork_prm_056,skywork_prm,gsm8k,gsm8k_022,"product->A,gm->B",No preference,No preference,no_preference,
2,annotation_sheet_returned_1.xlsx,172,ce65c6a9c923,gsm8k_internlm2_7b_reward_031,internlm2_7b_reward,gsm8k,gsm8k_421,"gm->A,product->B",A,A,gm,
2,annotation_sheet_returned_1.xlsx,173,831ca0d3e405,gsm8k_internlm2_7b_reward_040,internlm2_7b_reward,gsm8k,gsm8k_116,"product->A,gm->B",No preference,No preference,no_preference,
2,annotation_sheet_returned_1.xlsx,174,a55e59e0aab3,math500_skywork_prm_065,skywork_prm,math500,math500_215,"product->A,gm->B",No preference,No preference,no_preference,
2,annotation_sheet_returned_1.xlsx,175,1629ea4fd800,math500_internlm2_7b_reward_060,internlm2_7b_reward,math500,math500_448,"product->A,gm->B",B,B,gm,
2,annotation_sheet_returned_1.xlsx,176,2b480f890201,gsm8k_skywork_prm_096,skywork_prm,gsm8k,gsm8k_128,"gm->A,product->B",A,A,gm,
2,annotation_sheet_returned_1.xlsx,177,65ec0bce0d20,gsm8k_skywork_prm_034,skywork_prm,gsm8k,gsm8k_280,"gm->A,product->B",No preference,No preference,no_preference,
2,annotation_sheet_returned_1.xlsx,178,aeb9ec0ad787,math500_internlm2_7b_reward_040,internlm2_7b_reward,math500,math500_317,"product->A,gm->B",No preference,No preference,no_preference,
2,annotation_sheet_returned_1.xlsx,179,cc5726e0fe8c,gsm8k_skywork_prm_065,skywork_prm,gsm8k,gsm8k_385,"gm->A,product->B",No preference,No preference,no_preference,
2,annotation_sheet_returned_1.xlsx,180,e92541a9b790,math500_internlm2_7b_reward_079,internlm2_7b_reward,math500,math500_397,"product->A,gm->B",B,B,gm,
2,annotation_sheet_returned_1.xlsx,181,c6dcda8ecc42,math500_skywork_prm_062,skywork_prm,math500,math500_093,"product->A,gm->B",No preference,No preference,no_preference,
2,annotation_sheet_returned_1.xlsx,182,f25badf92003,math500_skywork_prm_029,skywork_prm,math500,math500_142,"product->A,gm->B",No preference,No preference,no_preference,
2,annotation_sheet_returned_1.xlsx,183,6f5648236980,gsm8k_skywork_prm_073,skywork_prm,gsm8k,gsm8k_278,"gm->A,product->B",No preference,No preference,no_preference,
2,annotation_sheet_returned_1.xlsx,184,d8d9eebe9620,gsm8k_skywork_prm_039,skywork_prm,gsm8k,gsm8k_336,"product->A,gm->B",No preference,No preference,no_preference,
2,annotation_sheet_returned_1.xlsx,185,0267933b147e,gsm8k_skywork_prm_053,skywork_prm,gsm8k,gsm8k_069,"product->A,gm->B",No preference,No preference,no_preference,
2,annotation_sheet_returned_1.xlsx,186,2dabf74745e2,math500_internlm2_7b_reward_027,internlm2_7b_reward,math500,math500_131,"gm->A,product->B",No preference,No preference,no_preference,
2,annotation_sheet_returned_1.xlsx,187,0dc468dbb6aa,gsm8k_internlm2_7b_reward_043,internlm2_7b_reward,gsm8k,gsm8k_422,"product->A,gm->B",B,B,gm,
2,annotation_sheet_returned_1.xlsx,188,fe8f9a56274b,math500_skywork_prm_042,skywork_prm,math500,math500_141,"product->A,gm->B",No preference,No preference,no_preference,
2,annotation_sheet_returned_1.xlsx,189,5814f6a2aed3,math500_skywork_prm_045,skywork_prm,math500,math500_086,"gm->A,product->B",No preference,No preference,no_preference,
2,annotation_sheet_returned_1.xlsx,190,5cec2acb1f36,gsm8k_internlm2_7b_reward_004,internlm2_7b_reward,gsm8k,gsm8k_118,"product->A,gm->B",No preference,No preference,no_preference,
2,annotation_sheet_returned_1.xlsx,191,298ea2e546a1,gsm8k_skywork_prm_021,skywork_prm,gsm8k,gsm8k_388,"product->A,gm->B",No preference,No preference,no_preference,
2,annotation_sheet_returned_1.xlsx,192,59d1a320db62,math500_skywork_prm_043,skywork_prm,math500,math500_434,"product->A,gm->B",B,B,gm,
2,annotation_sheet_returned_1.xlsx,193,42de4ca83a1f,gsm8k_internlm2_7b_reward_052,internlm2_7b_reward,gsm8k,gsm8k_097,"product->A,gm->B",B,B,gm,
2,annotation_sheet_returned_1.xlsx,194,82ae2111f96f,math500_internlm2_7b_reward_057,internlm2_7b_reward,math500,math500_346,"product->A,gm->B",No preference,No preference,no_preference,
2,annotation_sheet_returned_1.xlsx,195,981c01eaf0dc,gsm8k_internlm2_7b_reward_075,internlm2_7b_reward,gsm8k,gsm8k_064,"product->A,gm->B",No preference,No preference,no_preference,
2,annotation_sheet_returned_1.xlsx,196,8c43ec4d9c76,gsm8k_skywork_prm_062,skywork_prm,gsm8k,gsm8k_181,"gm->A,product->B",No preference,No preference,no_preference,
2,annotation_sheet_returned_1.xlsx,197,195c8404266f,math500_internlm2_7b_reward_023,internlm2_7b_reward,math500,math500_243,"product->A,gm->B",B,B,gm,
2,annotation_sheet_returned_1.xlsx,198,2d3b58de0989,math500_skywork_prm_008,skywork_prm,math500,math500_404,"product->A,gm->B",No preference,No preference,no_preference,
2,annotation_sheet_returned_1.xlsx,199,f550223045e2,math500_internlm2_7b_reward_075,internlm2_7b_reward,math500,math500_087,"product->A,gm->B",No preference,No preference,no_preference,
2,annotation_sheet_returned_1.xlsx,200,3771b630c0f4,math500_skywork_prm_072,skywork_prm,math500,math500_005,"gm->A,product->B",No preference,No preference,no_preference,
3,annotation_sheet_returned_2.xlsx,1,c28fe081cd0a,gsm8k_skywork_prm_011,skywork_prm,gsm8k,gsm8k_152,"product->A,gm->B",B,B,gm,
3,annotation_sheet_returned_2.xlsx,2,ea9e7e5f9ca5,gsm8k_skywork_prm_066,skywork_prm,gsm8k,gsm8k_219,"product->A,gm->B",No preference,No preference,no_preference,
3,annotation_sheet_returned_2.xlsx,3,08ebc5bec50d,math500_skywork_prm_067,skywork_prm,math500,math500_368,"product->A,gm->B",A,A,product,
3,annotation_sheet_returned_2.xlsx,4,16fff55a12e8,gsm8k_skywork_prm_094,skywork_prm,gsm8k,gsm8k_254,"gm->A,product->B",A,A,gm,
3,annotation_sheet_returned_2.xlsx,5,74c913ef4dd4,gsm8k_internlm2_7b_reward_013,internlm2_7b_reward,gsm8k,gsm8k_150,"gm->A,product->B",A,A,gm,
3,annotation_sheet_returned_2.xlsx,6,3ee0887027e6,math500_internlm2_7b_reward_090,internlm2_7b_reward,math500,math500_207,"gm->A,product->B",A,A,gm,
3,annotation_sheet_returned_2.xlsx,7,c8a3c0be29bf,gsm8k_internlm2_7b_reward_035,internlm2_7b_reward,gsm8k,gsm8k_264,"product->A,gm->B",B,B,gm,
3,annotation_sheet_returned_2.xlsx,8,aa0b43485e27,gsm8k_skywork_prm_028,skywork_prm,gsm8k,gsm8k_349,"gm->A,product->B",A,A,gm,
3,annotation_sheet_returned_2.xlsx,9,2d4a6b05e613,gsm8k_internlm2_7b_reward_055,internlm2_7b_reward,gsm8k,gsm8k_271,"product->A,gm->B",B,B,gm,
3,annotation_sheet_returned_2.xlsx,10,ce65c6a9c923,gsm8k_internlm2_7b_reward_031,internlm2_7b_reward,gsm8k,gsm8k_421,"product->A,gm->B",B,B,gm,
3,annotation_sheet_returned_2.xlsx,11,55856d7b21a3,gsm8k_skywork_prm_052,skywork_prm,gsm8k,gsm8k_381,"product->A,gm->B",No preference,No preference,no_preference,
3,annotation_sheet_returned_2.xlsx,12,2a824851dcf1,math500_skywork_prm_025,skywork_prm,math500,math500_280,"gm->A,product->B",A,A,gm,
3,annotation_sheet_returned_2.xlsx,13,d8d9eebe9620,gsm8k_skywork_prm_039,skywork_prm,gsm8k,gsm8k_336,"product->A,gm->B",B,B,gm,
3,annotation_sheet_returned_2.xlsx,14,25364fa9fb91,math500_internlm2_7b_reward_024,internlm2_7b_reward,math500,math500_237,"product->A,gm->B",B,B,gm,
3,annotation_sheet_returned_2.xlsx,15,59526b0df869,gsm8k_internlm2_7b_reward_054,internlm2_7b_reward,gsm8k,gsm8k_100,"gm->A,product->B",A,A,gm,
3,annotation_sheet_returned_2.xlsx,16,831ca0d3e405,gsm8k_internlm2_7b_reward_040,internlm2_7b_reward,gsm8k,gsm8k_116,"product->A,gm->B",B,B,gm,
3,annotation_sheet_returned_2.xlsx,17,59d1a320db62,math500_skywork_prm_043,skywork_prm,math500,math500_434,"product->A,gm->B",B,B,gm,
3,annotation_sheet_returned_2.xlsx,18,87377a38dbc2,math500_internlm2_7b_reward_020,internlm2_7b_reward,math500,math500_241,"gm->A,product->B",A,A,gm,
3,annotation_sheet_returned_2.xlsx,19,dc81af2746e2,math500_internlm2_7b_reward_094,internlm2_7b_reward,math500,math500_395,"gm->A,product->B",A,A,gm,
3,annotation_sheet_returned_2.xlsx,20,4d8f71196b4d,math500_internlm2_7b_reward_053,internlm2_7b_reward,math500,math500_334,"product->A,gm->B",B,B,gm,
3,annotation_sheet_returned_2.xlsx,21,932dedf9ebb8,math500_skywork_prm_050,skywork_prm,math500,math500_234,"product->A,gm->B",No preference,No preference,no_preference,
3,annotation_sheet_returned_2.xlsx,22,eb2829a3e225,math500_skywork_prm_001,skywork_prm,math500,math500_304,"gm->A,product->B",A,A,gm,
3,annotation_sheet_returned_2.xlsx,23,aa512e72df41,gsm8k_skywork_prm_054,skywork_prm,gsm8k,gsm8k_393,"product->A,gm->B",B,B,gm,
3,annotation_sheet_returned_2.xlsx,24,0cd074a1469f,gsm8k_skywork_prm_016,skywork_prm,gsm8k,gsm8k_459,"product->A,gm->B",B,B,gm,
3,annotation_sheet_returned_2.xlsx,25,c099765b56a2,math500_internlm2_7b_reward_032,internlm2_7b_reward,math500,math500_056,"product->A,gm->B",B,B,gm,
3,annotation_sheet_returned_2.xlsx,26,51fafe0c35b0,math500_internlm2_7b_reward_041,internlm2_7b_reward,math500,math500_471,"product->A,gm->B",B,B,gm,
3,annotation_sheet_returned_2.xlsx,27,68b1141fe483,gsm8k_internlm2_7b_reward_061,internlm2_7b_reward,gsm8k,gsm8k_107,"product->A,gm->B",B,B,gm,
3,annotation_sheet_returned_2.xlsx,28,af509ace1dbc,math500_skywork_prm_012,skywork_prm,math500,math500_396,"product->A,gm->B",B,B,gm,
3,annotation_sheet_returned_2.xlsx,29,2c4a69a71dd4,gsm8k_skywork_prm_009,skywork_prm,gsm8k,gsm8k_397,"product->A,gm->B",No preference,No preference,no_preference,
3,annotation_sheet_returned_2.xlsx,30,435e932aef3c,gsm8k_internlm2_7b_reward_060,internlm2_7b_reward,gsm8k,gsm8k_424,"product->A,gm->B",B,B,gm,
3,annotation_sheet_returned_2.xlsx,31,23131037bb61,gsm8k_internlm2_7b_reward_039,internlm2_7b_reward,gsm8k,gsm8k_250,"gm->A,product->B",No preference,No preference,no_preference,
3,annotation_sheet_returned_2.xlsx,32,0e2966a96f8f,math500_skywork_prm_070,skywork_prm,math500,math500_379,"gm->A,product->B",A,A,gm,
3,annotation_sheet_returned_2.xlsx,33,20da3912882e,gsm8k_skywork_prm_079,skywork_prm,gsm8k,gsm8k_204,"product->A,gm->B",B,B,gm,
3,annotation_sheet_returned_2.xlsx,34,727b90783681,gsm8k_internlm2_7b_reward_017,internlm2_7b_reward,gsm8k,gsm8k_354,"product->A,gm->B",B,B,gm,
3,annotation_sheet_returned_2.xlsx,35,3003f4a02fe7,gsm8k_skywork_prm_074,skywork_prm,gsm8k,gsm8k_151,"product->A,gm->B",B,B,gm,
3,annotation_sheet_returned_2.xlsx,36,7c8075a57a50,math500_skywork_prm_020,skywork_prm,math500,math500_358,"gm->A,product->B",A,A,gm,
3,annotation_sheet_returned_2.xlsx,37,acf66429f6bc,math500_internlm2_7b_reward_028,internlm2_7b_reward,math500,math500_336,"gm->A,product->B",A,A,gm,
3,annotation_sheet_returned_2.xlsx,38,25c211f41e97,math500_internlm2_7b_reward_091,internlm2_7b_reward,math500,math500_005,"gm->A,product->B",A,A,gm,
3,annotation_sheet_returned_2.xlsx,39,6891337dc624,math500_internlm2_7b_reward_025,internlm2_7b_reward,math500,math500_335,"product->A,gm->B",B,B,gm,
3,annotation_sheet_returned_2.xlsx,40,a78bc1193253,gsm8k_internlm2_7b_reward_020,internlm2_7b_reward,gsm8k,gsm8k_121,"gm->A,product->B",A,A,gm,
3,annotation_sheet_returned_2.xlsx,41,0430ab6d1ede,gsm8k_internlm2_7b_reward_069,internlm2_7b_reward,gsm8k,gsm8k_372,"product->A,gm->B",No preference,No preference,no_preference,
3,annotation_sheet_returned_2.xlsx,42,c5e62e62b3f1,math500_internlm2_7b_reward_037,internlm2_7b_reward,math500,math500_208,"gm->A,product->B",A,A,gm,
3,annotation_sheet_returned_2.xlsx,43,d3516a6d174f,gsm8k_skywork_prm_048,skywork_prm,gsm8k,gsm8k_025,"product->A,gm->B",B,B,gm,
3,annotation_sheet_returned_2.xlsx,44,1629ea4fd800,math500_internlm2_7b_reward_060,internlm2_7b_reward,math500,math500_448,"gm->A,product->B",A,A,gm,
3,annotation_sheet_returned_2.xlsx,45,cc5726e0fe8c,gsm8k_skywork_prm_065,skywork_prm,gsm8k,gsm8k_385,"gm->A,product->B",No preference,No preference,no_preference,
3,annotation_sheet_returned_2.xlsx,46,c71cfd5554ab,math500_internlm2_7b_reward_006,internlm2_7b_reward,math500,math500_038,"product->A,gm->B",B,B,gm,
3,annotation_sheet_returned_2.xlsx,47,6e021733e720,math500_skywork_prm_023,skywork_prm,math500,math500_299,"product->A,gm->B",B,B,gm,
3,annotation_sheet_returned_2.xlsx,48,e1bac3dd0af8,math500_skywork_prm_030,skywork_prm,math500,math500_237,"gm->A,product->B",A,A,gm,
3,annotation_sheet_returned_2.xlsx,49,a055f8dc31ca,math500_internlm2_7b_reward_012,internlm2_7b_reward,math500,math500_059,"gm->A,product->B",A,A,gm,
3,annotation_sheet_returned_2.xlsx,50,a0d102eae822,gsm8k_internlm2_7b_reward_087,internlm2_7b_reward,gsm8k,gsm8k_218,"gm->A,product->B",A,A,gm,
3,annotation_sheet_returned_2.xlsx,51,6f5648236980,gsm8k_skywork_prm_073,skywork_prm,gsm8k,gsm8k_278,"gm->A,product->B",No preference,No preference,no_preference,
3,annotation_sheet_returned_2.xlsx,52,ccb3ac97a880,gsm8k_skywork_prm_008,skywork_prm,gsm8k,gsm8k_198,"gm->A,product->B",A,A,gm,
3,annotation_sheet_returned_2.xlsx,53,5cec2acb1f36,gsm8k_internlm2_7b_reward_004,internlm2_7b_reward,gsm8k,gsm8k_118,"gm->A,product->B",A,A,gm,
3,annotation_sheet_returned_2.xlsx,54,981c01eaf0dc,gsm8k_internlm2_7b_reward_075,internlm2_7b_reward,gsm8k,gsm8k_064,"product->A,gm->B",No preference,No preference,no_preference,
3,annotation_sheet_returned_2.xlsx,55,40d49b8991f2,gsm8k_internlm2_7b_reward_093,internlm2_7b_reward,gsm8k,gsm8k_219,"product->A,gm->B",B,B,gm,
3,annotation_sheet_returned_2.xlsx,56,40d8271a20ad,gsm8k_skywork_prm_044,skywork_prm,gsm8k,gsm8k_029,"gm->A,product->B",A,A,gm,
3,annotation_sheet_returned_2.xlsx,57,3b20eced41e1,gsm8k_internlm2_7b_reward_002,internlm2_7b_reward,gsm8k,gsm8k_348,"gm->A,product->B",A,A,gm,
3,annotation_sheet_returned_2.xlsx,58,5fb8ba77941e,math500_skywork_prm_051,skywork_prm,math500,math500_243,"gm->A,product->B",No preference,No preference,no_preference,
3,annotation_sheet_returned_2.xlsx,59,338f7581c177,math500_skywork_prm_022,skywork_prm,math500,math500_310,"gm->A,product->B",A,A,gm,
3,annotation_sheet_returned_2.xlsx,60,6c44d8f70e87,math500_internlm2_7b_reward_083,internlm2_7b_reward,math500,math500_231,"gm->A,product->B",A,A,gm,
3,annotation_sheet_returned_2.xlsx,61,74cd700a351f,gsm8k_internlm2_7b_reward_053,internlm2_7b_reward,gsm8k,gsm8k_483,"gm->A,product->B",A,A,gm,
3,annotation_sheet_returned_2.xlsx,62,3fd67f264930,gsm8k_skywork_prm_013,skywork_prm,gsm8k,gsm8k_046,"product->A,gm->B",B,B,gm,
3,annotation_sheet_returned_2.xlsx,63,eef98f801fff,gsm8k_internlm2_7b_reward_005,internlm2_7b_reward,gsm8k,gsm8k_024,"product->A,gm->B",B,B,gm,
3,annotation_sheet_returned_2.xlsx,64,f550223045e2,math500_internlm2_7b_reward_075,internlm2_7b_reward,math500,math500_087,"product->A,gm->B",B,B,gm,
3,annotation_sheet_returned_2.xlsx,65,2d3b58de0989,math500_skywork_prm_008,skywork_prm,math500,math500_404,"gm->A,product->B",No preference,No preference,no_preference,
3,annotation_sheet_returned_2.xlsx,66,4e49c019b9ec,gsm8k_skywork_prm_056,skywork_prm,gsm8k,gsm8k_022,"product->A,gm->B",B,B,gm,
3,annotation_sheet_returned_2.xlsx,67,c657431ed4ec,math500_internlm2_7b_reward_050,internlm2_7b_reward,math500,math500_112,"product->A,gm->B",B,B,gm,
3,annotation_sheet_returned_2.xlsx,68,e802289004fb,gsm8k_internlm2_7b_reward_048,internlm2_7b_reward,gsm8k,gsm8k_351,"gm->A,product->B",A,A,gm,
3,annotation_sheet_returned_2.xlsx,69,44cff86c1fd5,math500_internlm2_7b_reward_002,internlm2_7b_reward,math500,math500_199,"gm->A,product->B",A,A,gm,
3,annotation_sheet_returned_2.xlsx,70,f5aa9f1feeb7,gsm8k_internlm2_7b_reward_023,internlm2_7b_reward,gsm8k,gsm8k_165,"product->A,gm->B",A,A,product,
3,annotation_sheet_returned_2.xlsx,71,0235b7e55b04,gsm8k_internlm2_7b_reward_047,internlm2_7b_reward,gsm8k,gsm8k_046,"product->A,gm->B",B,B,gm,
3,annotation_sheet_returned_2.xlsx,72,a70ec4e683d8,gsm8k_skywork_prm_090,skywork_prm,gsm8k,gsm8k_013,"product->A,gm->B",B,B,gm,
3,annotation_sheet_returned_2.xlsx,73,5de526b5eea0,math500_skywork_prm_057,skywork_prm,math500,math500_112,"product->A,gm->B",B,B,gm,
3,annotation_sheet_returned_2.xlsx,74,6eac1b1d601d,gsm8k_skywork_prm_084,skywork_prm,gsm8k,gsm8k_263,"product->A,gm->B",B,B,gm,
3,annotation_sheet_returned_2.xlsx,75,69a66decafad,math500_internlm2_7b_reward_096,internlm2_7b_reward,math500,math500_272,"gm->A,product->B",A,A,gm,
3,annotation_sheet_returned_2.xlsx,76,99614891475b,gsm8k_internlm2_7b_reward_058,internlm2_7b_reward,gsm8k,gsm8k_086,"product->A,gm->B",B,B,gm,
3,annotation_sheet_returned_2.xlsx,77,ffd4bad29048,math500_internlm2_7b_reward_081,internlm2_7b_reward,math500,math500_449,"gm->A,product->B",A,A,gm,
3,annotation_sheet_returned_2.xlsx,78,25be542327ca,math500_skywork_prm_026,skywork_prm,math500,math500_370,"product->A,gm->B",B,B,gm,
3,annotation_sheet_returned_2.xlsx,79,c44b89827ed6,gsm8k_internlm2_7b_reward_077,internlm2_7b_reward,gsm8k,gsm8k_366,"product->A,gm->B",B,B,gm,
3,annotation_sheet_returned_2.xlsx,80,92493ba5e5de,math500_skywork_prm_009,skywork_prm,math500,math500_017,"gm->A,product->B",A,A,gm,
3,annotation_sheet_returned_2.xlsx,81,6507c25a99bc,gsm8k_internlm2_7b_reward_064,internlm2_7b_reward,gsm8k,gsm8k_489,"gm->A,product->B",No preference,No preference,no_preference,
3,annotation_sheet_returned_2.xlsx,82,82ae2111f96f,math500_internlm2_7b_reward_057,internlm2_7b_reward,math500,math500_346,"gm->A,product->B",A,A,gm,
3,annotation_sheet_returned_2.xlsx,83,0a4b06c33d43,math500_internlm2_7b_reward_064,internlm2_7b_reward,math500,math500_234,"product->A,gm->B",No preference,No preference,no_preference,
3,annotation_sheet_returned_2.xlsx,84,bed59e202f6d,math500_skywork_prm_056,skywork_prm,math500,math500_469,"gm->A,product->B",A,A,gm,
3,annotation_sheet_returned_2.xlsx,85,aeb9ec0ad787,math500_internlm2_7b_reward_040,internlm2_7b_reward,math500,math500_317,"product->A,gm->B",B,B,gm,
3,annotation_sheet_returned_2.xlsx,86,22832fa842d3,gsm8k_skywork_prm_025,skywork_prm,gsm8k,gsm8k_361,"product->A,gm->B",B,B,gm,
3,annotation_sheet_returned_2.xlsx,87,f25badf92003,math500_skywork_prm_029,skywork_prm,math500,math500_142,"gm->A,product->B",No preference,No preference,no_preference,
3,annotation_sheet_returned_2.xlsx,88,da0dd69948c7,math500_internlm2_7b_reward_086,internlm2_7b_reward,math500,math500_121,"gm->A,product->B",A,A,gm,
3,annotation_sheet_returned_2.xlsx,89,2b21da93529f,gsm8k_skywork_prm_049,skywork_prm,gsm8k,gsm8k_425,"product->A,gm->B",B,B,gm,
3,annotation_sheet_returned_2.xlsx,90,5814f6a2aed3,math500_skywork_prm_045,skywork_prm,math500,math500_086,"product->A,gm->B",B,B,gm,
3,annotation_sheet_returned_2.xlsx,91,5fa099c70d62,gsm8k_internlm2_7b_reward_056,internlm2_7b_reward,gsm8k,gsm8k_031,"gm->A,product->B",A,A,gm,
3,annotation_sheet_returned_2.xlsx,92,853a65dd7f88,gsm8k_internlm2_7b_reward_082,internlm2_7b_reward,gsm8k,gsm8k_474,"gm->A,product->B",A,A,gm,
3,annotation_sheet_returned_2.xlsx,93,6b2c5ad11b3e,gsm8k_skywork_prm_002,skywork_prm,gsm8k,gsm8k_372,"gm->A,product->B",A,A,gm,
3,annotation_sheet_returned_2.xlsx,94,5e31b512047a,gsm8k_internlm2_7b_reward_034,internlm2_7b_reward,gsm8k,gsm8k_318,"product->A,gm->B",B,B,gm,
3,annotation_sheet_returned_2.xlsx,95,aa95d0af4d32,gsm8k_internlm2_7b_reward_063,internlm2_7b_reward,gsm8k,gsm8k_029,"product->A,gm->B",B,B,gm,
3,annotation_sheet_returned_2.xlsx,96,f3e947063a1d,math500_skywork_prm_038,skywork_prm,math500,math500_016,"gm->A,product->B",No preference,No preference,no_preference,
3,annotation_sheet_returned_2.xlsx,97,0a749f8f5420,math500_skywork_prm_013,skywork_prm,math500,math500_288,"gm->A,product->B",No preference,No preference,no_preference,
3,annotation_sheet_returned_2.xlsx,98,18fd6f6487b9,gsm8k_skywork_prm_077,skywork_prm,gsm8k,gsm8k_247,"product->A,gm->B",No preference,No preference,no_preference,
3,annotation_sheet_returned_2.xlsx,99,b65a2542f27e,math500_skywork_prm_006,skywork_prm,math500,math500_475,"product->A,gm->B",B,B,gm,
3,annotation_sheet_returned_2.xlsx,100,3cadef3ee492,math500_skywork_prm_028,skywork_prm,math500,math500_275,"gm->A,product->B",A,A,gm,
3,annotation_sheet_returned_2.xlsx,101,03884f35ee30,gsm8k_internlm2_7b_reward_088,internlm2_7b_reward,gsm8k,gsm8k_112,"gm->A,product->B",No preference,No preference,no_preference,
3,annotation_sheet_returned_2.xlsx,102,4e2d389c9954,math500_internlm2_7b_reward_047,internlm2_7b_reward,math500,math500_221,"product->A,gm->B",B,B,gm,
3,annotation_sheet_returned_2.xlsx,103,c6dcda8ecc42,math500_skywork_prm_062,skywork_prm,math500,math500_093,"product->A,gm->B",B,B,gm,
3,annotation_sheet_returned_2.xlsx,104,c9c0ae612b9f,math500_skywork_prm_024,skywork_prm,math500,math500_474,"product->A,gm->B",B,B,gm,
3,annotation_sheet_returned_2.xlsx,105,a5fbc3bb93ff,math500_internlm2_7b_reward_003,internlm2_7b_reward,math500,math500_238,"product->A,gm->B",B,B,gm,
3,annotation_sheet_returned_2.xlsx,106,2dabf74745e2,math500_internlm2_7b_reward_027,internlm2_7b_reward,math500,math500_131,"gm->A,product->B",A,A,gm,
3,annotation_sheet_returned_2.xlsx,107,42de4ca83a1f,gsm8k_internlm2_7b_reward_052,internlm2_7b_reward,gsm8k,gsm8k_097,"product->A,gm->B",B,B,gm,
3,annotation_sheet_returned_2.xlsx,108,0242beca5c4e,math500_internlm2_7b_reward_011,internlm2_7b_reward,math500,math500_443,"gm->A,product->B",A,A,gm,
3,annotation_sheet_returned_2.xlsx,109,30967a05e57f,math500_internlm2_7b_reward_069,internlm2_7b_reward,math500,math500_366,"product->A,gm->B",B,B,gm,
3,annotation_sheet_returned_2.xlsx,110,39283cbc4b2b,math500_skywork_prm_015,skywork_prm,math500,math500_024,"product->A,gm->B",B,B,gm,
3,annotation_sheet_returned_2.xlsx,111,edc0e56e470b,math500_skywork_prm_061,skywork_prm,math500,math500_044,"product->A,gm->B",No preference,No preference,no_preference,
3,annotation_sheet_returned_2.xlsx,112,82115501d48b,gsm8k_skywork_prm_099,skywork_prm,gsm8k,gsm8k_318,"gm->A,product->B",A,A,gm,
3,annotation_sheet_returned_2.xlsx,113,90b78afe3377,math500_internlm2_7b_reward_077,internlm2_7b_reward,math500,math500_134,"gm->A,product->B",A,A,gm,
3,annotation_sheet_returned_2.xlsx,114,204013c12887,math500_skywork_prm_058,skywork_prm,math500,math500_455,"product->A,gm->B",No preference,No preference,no_preference,
3,annotation_sheet_returned_2.xlsx,115,1cf349eae04e,gsm8k_internlm2_7b_reward_006,internlm2_7b_reward,gsm8k,gsm8k_431,"product->A,gm->B",B,B,gm,
3,annotation_sheet_returned_2.xlsx,116,ae3b9a57ba9e,math500_skywork_prm_063,skywork_prm,math500,math500_301,"product->A,gm->B",B,B,gm,
3,annotation_sheet_returned_2.xlsx,117,1af976087535,gsm8k_internlm2_7b_reward_091,internlm2_7b_reward,gsm8k,gsm8k_477,"gm->A,product->B",No preference,No preference,no_preference,
3,annotation_sheet_returned_2.xlsx,118,ee0c7621ff10,gsm8k_internlm2_7b_reward_027,internlm2_7b_reward,gsm8k,gsm8k_213,"gm->A,product->B",A,A,gm,
3,annotation_sheet_returned_2.xlsx,119,c2d4706fab0f,gsm8k_skywork_prm_070,skywork_prm,gsm8k,gsm8k_172,"product->A,gm->B",B,B,gm,
3,annotation_sheet_returned_2.xlsx,120,9dbcef439812,math500_internlm2_7b_reward_085,internlm2_7b_reward,math500,math500_288,"product->A,gm->B",B,B,gm,
3,annotation_sheet_returned_2.xlsx,121,c9b90e6459b9,math500_internlm2_7b_reward_045,internlm2_7b_reward,math500,math500_037,"gm->A,product->B",A,A,gm,
3,annotation_sheet_returned_2.xlsx,122,ffd4b90a8514,math500_internlm2_7b_reward_044,internlm2_7b_reward,math500,math500_275,"gm->A,product->B",A,A,gm,
3,annotation_sheet_returned_2.xlsx,123,9630a89fb8c7,gsm8k_internlm2_7b_reward_086,internlm2_7b_reward,gsm8k,gsm8k_341,"product->A,gm->B",B,B,gm,
3,annotation_sheet_returned_2.xlsx,124,1e0765a6c0df,math500_skywork_prm_004,skywork_prm,math500,math500_262,"gm->A,product->B",A,A,gm,
3,annotation_sheet_returned_2.xlsx,125,18f14679ea50,gsm8k_skywork_prm_035,skywork_prm,gsm8k,gsm8k_473,"gm->A,product->B",A,A,gm,
3,annotation_sheet_returned_2.xlsx,126,743420f54d1b,math500_internlm2_7b_reward_031,internlm2_7b_reward,math500,math500_468,"product->A,gm->B",No preference,No preference,no_preference,
3,annotation_sheet_returned_2.xlsx,127,e4e81431fcd3,math500_skywork_prm_046,skywork_prm,math500,math500_259,"product->A,gm->B",B,B,gm,
3,annotation_sheet_returned_2.xlsx,128,26782667093a,math500_internlm2_7b_reward_073,internlm2_7b_reward,math500,math500_474,"product->A,gm->B",B,B,gm,
3,annotation_sheet_returned_2.xlsx,129,53fc5a8ed2a5,gsm8k_internlm2_7b_reward_065,internlm2_7b_reward,gsm8k,gsm8k_385,"product->A,gm->B",No preference,No preference,no_preference,
3,annotation_sheet_returned_2.xlsx,130,7d90908845c4,math500_skywork_prm_064,skywork_prm,math500,math500_026,"gm->A,product->B",A,A,gm,
3,annotation_sheet_returned_2.xlsx,131,878f1ca78fcc,math500_internlm2_7b_reward_061,internlm2_7b_reward,math500,math500_330,"product->A,gm->B",B,B,gm,
3,annotation_sheet_returned_2.xlsx,132,2b480f890201,gsm8k_skywork_prm_096,skywork_prm,gsm8k,gsm8k_128,"gm->A,product->B",A,A,gm,
3,annotation_sheet_returned_2.xlsx,133,a76ceb28dc4e,gsm8k_internlm2_7b_reward_019,internlm2_7b_reward,gsm8k,gsm8k_025,"product->A,gm->B",B,B,gm,
3,annotation_sheet_returned_2.xlsx,134,d4c8945551d9,gsm8k_internlm2_7b_reward_014,internlm2_7b_reward,gsm8k,gsm8k_389,"product->A,gm->B",No preference,No preference,no_preference,
3,annotation_sheet_returned_2.xlsx,135,69f4162efe62,math500_internlm2_7b_reward_001,internlm2_7b_reward,math500,math500_046,"gm->A,product->B",A,A,gm,
3,annotation_sheet_returned_2.xlsx,136,d97571a24bbb,math500_internlm2_7b_reward_013,internlm2_7b_reward,math500,math500_055,"gm->A,product->B",No preference,No preference,no_preference,
3,annotation_sheet_returned_2.xlsx,137,09430744a2de,gsm8k_skywork_prm_019,skywork_prm,gsm8k,gsm8k_111,"gm->A,product->B",A,A,gm,
3,annotation_sheet_returned_2.xlsx,138,3e94a82c1f3c,math500_internlm2_7b_reward_046,internlm2_7b_reward,math500,math500_027,"product->A,gm->B",B,B,gm,
3,annotation_sheet_returned_2.xlsx,139,c050737d135b,math500_skywork_prm_039,skywork_prm,math500,math500_151,"gm->A,product->B",A,A,gm,
3,annotation_sheet_returned_2.xlsx,140,a55e59e0aab3,math500_skywork_prm_065,skywork_prm,math500,math500_215,"gm->A,product->B",No preference,No preference,no_preference,
3,annotation_sheet_returned_2.xlsx,141,02c10db40f20,math500_skywork_prm_010,skywork_prm,math500,math500_118,"gm->A,product->B",A,A,gm,
3,annotation_sheet_returned_2.xlsx,142,6dd70d7b8d46,math500_internlm2_7b_reward_048,internlm2_7b_reward,math500,math500_370,"gm->A,product->B",A,A,gm,
3,annotation_sheet_returned_2.xlsx,143,455df6aa2fcd,math500_skywork_prm_018,skywork_prm,math500,math500_283,"product->A,gm->B",No preference,No preference,no_preference,
3,annotation_sheet_returned_2.xlsx,144,65ec0bce0d20,gsm8k_skywork_prm_034,skywork_prm,gsm8k,gsm8k_280,"gm->A,product->B",A,A,gm,
3,annotation_sheet_returned_2.xlsx,145,7788f79d6d9b,gsm8k_skywork_prm_032,skywork_prm,gsm8k,gsm8k_362,"gm->A,product->B",A,A,gm,
3,annotation_sheet_returned_2.xlsx,146,de8bb5c383ad,math500_skywork_prm_054,skywork_prm,math500,math500_363,"gm->A,product->B",No preference,No preference,no_preference,
3,annotation_sheet_returned_2.xlsx,147,477d4668937a,math500_internlm2_7b_reward_039,internlm2_7b_reward,math500,math500_223,"gm->A,product->B",A,A,gm,
3,annotation_sheet_returned_2.xlsx,148,e8f5bf6eb540,gsm8k_internlm2_7b_reward_010,internlm2_7b_reward,gsm8k,gsm8k_423,"gm->A,product->B",A,A,gm,
3,annotation_sheet_returned_2.xlsx,149,dde4c87fc50a,math500_internlm2_7b_reward_026,internlm2_7b_reward,math500,math500_034,"gm->A,product->B",No preference,No preference,no_preference,
3,annotation_sheet_returned_2.xlsx,150,253a23c9c2bb,math500_skywork_prm_048,skywork_prm,math500,math500_399,"gm->A,product->B",A,A,gm,
3,annotation_sheet_returned_2.xlsx,151,78da0ce862e1,gsm8k_internlm2_7b_reward_029,internlm2_7b_reward,gsm8k,gsm8k_353,"product->A,gm->B",B,B,gm,
3,annotation_sheet_returned_2.xlsx,152,145100c57385,math500_skywork_prm_052,skywork_prm,math500,math500_226,"product->A,gm->B",No preference,No preference,no_preference,
3,annotation_sheet_returned_2.xlsx,153,0dc468dbb6aa,gsm8k_internlm2_7b_reward_043,internlm2_7b_reward,gsm8k,gsm8k_422,"gm->A,product->B",A,A,gm,
3,annotation_sheet_returned_2.xlsx,154,e466a3646393,gsm8k_skywork_prm_080,skywork_prm,gsm8k,gsm8k_316,"gm->A,product->B",No preference,No preference,no_preference,
3,annotation_sheet_returned_2.xlsx,155,ab0aa14b0439,math500_skywork_prm_031,skywork_prm,math500,math500_046,"product->A,gm->B",No preference,No preference,no_preference,
3,annotation_sheet_returned_2.xlsx,156,9f6e61392251,math500_internlm2_7b_reward_095,internlm2_7b_reward,math500,math500_309,"gm->A,product->B",A,A,gm,
3,annotation_sheet_returned_2.xlsx,157,079e63f9072c,gsm8k_internlm2_7b_reward_046,internlm2_7b_reward,gsm8k,gsm8k_404,"gm->A,product->B",A,A,gm,
3,annotation_sheet_returned_2.xlsx,158,8309adbc1418,math500_internlm2_7b_reward_062,internlm2_7b_reward,math500,math500_140,"product->A,gm->B",B,B,gm,
3,annotation_sheet_returned_2.xlsx,159,92fc7e95eb5e,gsm8k_skywork_prm_041,skywork_prm,gsm8k,gsm8k_211,"gm->A,product->B",No preference,No preference,no_preference,
3,annotation_sheet_returned_2.xlsx,160,8c43ec4d9c76,gsm8k_skywork_prm_062,skywork_prm,gsm8k,gsm8k_181,"product->A,gm->B",B,B,gm,
3,annotation_sheet_returned_2.xlsx,161,86e1923e66ab,gsm8k_internlm2_7b_reward_099,internlm2_7b_reward,gsm8k,gsm8k_350,"gm->A,product->B",A,A,gm,
3,annotation_sheet_returned_2.xlsx,162,56f9d0440194,gsm8k_internlm2_7b_reward_078,internlm2_7b_reward,gsm8k,gsm8k_313,"gm->A,product->B",A,A,gm,
3,annotation_sheet_returned_2.xlsx,163,fe8f9a56274b,math500_skywork_prm_042,skywork_prm,math500,math500_141,"gm->A,product->B",A,A,gm,
3,annotation_sheet_returned_2.xlsx,164,9fdeb3f7d85b,math500_skywork_prm_068,skywork_prm,math500,math500_415,"product->A,gm->B",B,B,gm,
3,annotation_sheet_returned_2.xlsx,165,27af93a341ef,math500_skywork_prm_066,skywork_prm,math500,math500_121,"gm->A,product->B",B,B,product,
3,annotation_sheet_returned_2.xlsx,166,d11b185d7c08,gsm8k_skywork_prm_050,skywork_prm,gsm8k,gsm8k_142,"gm->A,product->B",No preference,No preference,no_preference,
3,annotation_sheet_returned_2.xlsx,167,09c62ddb64eb,gsm8k_internlm2_7b_reward_062,internlm2_7b_reward,gsm8k,gsm8k_334,"product->A,gm->B",No preference,No preference,no_preference,
3,annotation_sheet_returned_2.xlsx,168,801c892459d7,math500_skywork_prm_002,skywork_prm,math500,math500_254,"product->A,gm->B",B,B,gm,
3,annotation_sheet_returned_2.xlsx,169,459b41804365,math500_internlm2_7b_reward_088,internlm2_7b_reward,math500,math500_013,"product->A,gm->B",No preference,No preference,no_preference,
3,annotation_sheet_returned_2.xlsx,170,d01eca5053df,math500_internlm2_7b_reward_078,internlm2_7b_reward,math500,math500_226,"product->A,gm->B",No preference,No preference,no_preference,
3,annotation_sheet_returned_2.xlsx,171,d672e23e67fe,gsm8k_internlm2_7b_reward_026,internlm2_7b_reward,gsm8k,gsm8k_163,"gm->A,product->B",A,A,gm,
3,annotation_sheet_returned_2.xlsx,172,3a84d3790ef5,math500_internlm2_7b_reward_097,internlm2_7b_reward,math500,math500_151,"product->A,gm->B",B,B,gm,
3,annotation_sheet_returned_2.xlsx,173,78bf1abb3511,gsm8k_internlm2_7b_reward_032,internlm2_7b_reward,gsm8k,gsm8k_208,"gm->A,product->B",A,A,gm,
3,annotation_sheet_returned_2.xlsx,174,3771b630c0f4,math500_skywork_prm_072,skywork_prm,math500,math500_005,"product->A,gm->B",No preference,No preference,no_preference,
3,annotation_sheet_returned_2.xlsx,175,e4542cf5c9cc,gsm8k_skywork_prm_086,skywork_prm,gsm8k,gsm8k_170,"product->A,gm->B",B,B,gm,
3,annotation_sheet_returned_2.xlsx,176,d177ef91678d,gsm8k_skywork_prm_036,skywork_prm,gsm8k,gsm8k_268,"product->A,gm->B",No preference,No preference,no_preference,
3,annotation_sheet_returned_2.xlsx,177,6de0c2e14368,math500_skywork_prm_036,skywork_prm,math500,math500_107,"product->A,gm->B",No preference,No preference,no_preference,
3,annotation_sheet_returned_2.xlsx,178,587cc87ead09,gsm8k_internlm2_7b_reward_089,internlm2_7b_reward,gsm8k,gsm8k_420,"gm->A,product->B",A,A,gm,
3,annotation_sheet_returned_2.xlsx,179,32c985a29c68,math500_skywork_prm_016,skywork_prm,math500,math500_406,"product->A,gm->B",B,B,gm,
3,annotation_sheet_returned_2.xlsx,180,bc11fae4e2ba,gsm8k_internlm2_7b_reward_076,internlm2_7b_reward,gsm8k,gsm8k_456,"gm->A,product->B",No preference,No preference,no_preference,
3,annotation_sheet_returned_2.xlsx,181,8b3488e3cf4b,gsm8k_skywork_prm_085,skywork_prm,gsm8k,gsm8k_233,"product->A,gm->B",B,B,gm,
3,annotation_sheet_returned_2.xlsx,182,298ea2e546a1,gsm8k_skywork_prm_021,skywork_prm,gsm8k,gsm8k_388,"product->A,gm->B",No preference,No preference,no_preference,
3,annotation_sheet_returned_2.xlsx,183,d404cd86343f,gsm8k_skywork_prm_100,skywork_prm,gsm8k,gsm8k_467,"product->A,gm->B",B,B,gm,
3,annotation_sheet_returned_2.xlsx,184,fd20ea573003,gsm8k_skywork_prm_069,skywork_prm,gsm8k,gsm8k_475,"gm->A,product->B",No preference,No preference,no_preference,
3,annotation_sheet_returned_2.xlsx,185,dd5ff5cfe7fd,math500_internlm2_7b_reward_017,internlm2_7b_reward,math500,math500_142,"gm->A,product->B",A,A,gm,
3,annotation_sheet_returned_2.xlsx,186,14db67a05b01,gsm8k_skywork_prm_038,skywork_prm,gsm8k,gsm8k_382,"product->A,gm->B",B,B,gm,
3,annotation_sheet_returned_2.xlsx,187,64cdff8dd526,gsm8k_skywork_prm_081,skywork_prm,gsm8k,gsm8k_365,"gm->A,product->B",A,A,gm,
3,annotation_sheet_returned_2.xlsx,188,990ec7fadf1d,gsm8k_internlm2_7b_reward_007,internlm2_7b_reward,gsm8k,gsm8k_013,"product->A,gm->B",B,B,gm,
3,annotation_sheet_returned_2.xlsx,189,0267933b147e,gsm8k_skywork_prm_053,skywork_prm,gsm8k,gsm8k_069,"gm->A,product->B",No preference,No preference,no_preference,
3,annotation_sheet_returned_2.xlsx,190,6433626d30d7,gsm8k_skywork_prm_068,skywork_prm,gsm8k,gsm8k_286,"product->A,gm->B",B,B,gm,
3,annotation_sheet_returned_2.xlsx,191,c565dbc8212d,gsm8k_skywork_prm_083,skywork_prm,gsm8k,gsm8k_193,"product->A,gm->B",B,B,gm,
3,annotation_sheet_returned_2.xlsx,192,cb67057171c0,math500_skywork_prm_047,skywork_prm,math500,math500_334,"product->A,gm->B",B,B,gm,
3,annotation_sheet_returned_2.xlsx,193,0d1396a99aa8,gsm8k_skywork_prm_042,skywork_prm,gsm8k,gsm8k_027,"product->A,gm->B",No preference,No preference,no_preference,
3,annotation_sheet_returned_2.xlsx,194,60d788ee8795,gsm8k_skywork_prm_061,skywork_prm,gsm8k,gsm8k_458,"gm->A,product->B",No preference,No preference,no_preference,
3,annotation_sheet_returned_2.xlsx,195,7ab4391a06ad,math500_skywork_prm_017,skywork_prm,math500,math500_405,"product->A,gm->B",B,B,gm,
3,annotation_sheet_returned_2.xlsx,196,e92541a9b790,math500_internlm2_7b_reward_079,internlm2_7b_reward,math500,math500_397,"gm->A,product->B",A,A,gm,
3,annotation_sheet_returned_2.xlsx,197,fa746c447420,math500_skywork_prm_060,skywork_prm,math500,math500_105,"product->A,gm->B",No preference,No preference,no_preference,
3,annotation_sheet_returned_2.xlsx,198,b55a5038f75a,gsm8k_skywork_prm_045,skywork_prm,gsm8k,gsm8k_493,"gm->A,product->B",A,A,gm,
3,annotation_sheet_returned_2.xlsx,199,195c8404266f,math500_internlm2_7b_reward_023,internlm2_7b_reward,math500,math500_243,"gm->A,product->B",A,A,gm,
3,annotation_sheet_returned_2.xlsx,200,bb8e63a9d708,gsm8k_skywork_prm_047,skywork_prm,gsm8k,gsm8k_422,"gm->A,product->B",A,A,gm,
